Year,CP,Old_CP,Major_Minor,Open_Close,Date_open,Date_close,Count_type,Dependent_upon,Road_Number,Road_Category_old,Management,Road_Name,Location_CP,Link_Start,Link_End,CP_Easting,CP_Northing,Start_Easting,Start_Northing,End_Easting,End_Northing,Road_Dir,Flow_type,NCarriagways,NLanes,Speed,Link_Length_KM,Note_GIS,DfT_LACode,ONS_LACode,LA_Name,Region,AADF_method_initial,AADF_method_final,Prevyr_AMV_AADF,Flow_class_old,LA_Class,EFCat,RoadCat_Pub,ONS_RegionCode,Road_Seq,Ramp_OnOff,dual_len,Link_Width_M,Management_2,CP_Latitude,CP_Longitude,Start_Latitude,Start_Longitude,End_Latitude,End_Longitude,Urban_Length_KM,Rural_Length_KM,LenDualUrb,LenDualRur,RoadC,Region_LkUp,Flow_class,STRATA,STRATA_EF,STRATA_GF,Actual_STRATA,Minor_CP_Type,Minor_Cul_de_Sac,UR_assumption,Count_Type_Extended
2023,800229,NULL,Minor,1,01/04/2018,NULL,NM,NULL,B108,NULL,LA,QUEENSBRIDGE ROAD,NULL,NULL,NULL,533932,184086,NULL,NULL,NULL,NULL,N-S,2,1,2,20,NULL,NULL,5360,E09000012,Hackney,London,Counted,Counted,8396.204074,NULL,NULL,NULL,NULL,E12000007,NULL,NULL,NULL,NULL,LA,51.539792,-0.070184105,NULL,NULL,NULL,NULL,NULL,NULL,NULL,NULL,MB,London,All,S_13,EF_10,GF_07,NULL,Annual sample CP,Non-CDS,U,NM
2023,802920,NULL,Minor,1,01/04/2018,NULL,NM,NULL,U,NULL,LA,KINGSLEY WAY SOUTH SECTION,NULL,NULL,NULL,526107,188148,NULL,NULL,NULL,NULL,E-W,2,1,2,30,NULL,NULL,5090,E09000003,Barnet,London,Counted,Counted,1015.144908,NULL,NULL,NULL,NULL,E12000007,NULL,NULL,NULL,NULL,LA,51.578097,-0.18149682,NULL,NULL,NULL,NULL,NULL,NULL,NULL,NULL,MCU,London,All,S_14,EF_10,GF_08,NULL,Annual sample CP,Non-CDS,U,NM
2023,803522,NULL,Minor,1,01/04/2018,NULL,NM,NULL,U,NULL,LA,SPRINGFIELD GARDENS,NULL,NULL,NULL,556052,186185,NULL,NULL,NULL,NULL,E-W,2,1,2,30,NULL,NULL,5480,E09000016,Havering,London,Grown,Grown,1422.771698,NULL,NULL,NULL,NULL,E12000007,NULL,NULL,NULL,NULL,LA,51.552964,0.25043638,NULL,NULL,NULL,NULL,NULL,NULL,NULL,NULL,MCU,London,All,S_14,EF_10,GF_08,NULL,Annual sample CP,Non-CDS,U,NM
2023,804374,NULL,Minor,1,01/04/2018,NULL,NM,NULL,U,NULL,LA,CHILTERN ROAD,NULL,NULL,NULL,526465,162396,NULL,NULL,NULL,NULL,E-W,2,1,2,30,NULL,NULL,5870,E09000029,Sutton,London,Counted,Counted,7441.194057,NULL,NULL,NULL,NULL,E12000007,NULL,NULL,NULL,NULL,LA,51.346584,-0.18553568,NULL,NULL,NULL,NULL,NULL,NULL,NULL,NULL,MCU,London,All,S_14,EF_10,GF_08,NULL,Annual sample CP,Non-CDS,U,NM
2023,803567,NULL,Minor,1,01/04/2018,NULL,NM,NULL,U,NULL,LA,FORE STREET,NULL,NULL,NULL,509799,189529,NULL,NULL,NULL,NULL,N-S,2,1,2,30,NULL,NULL,5510,E09000017,Hillingdon,London,Counted,Counted,1823.25461,NULL,NULL,NULL,NULL,E12000007,NULL,NULL,NULL,NULL,LA,51.593919,-0.41630837,NULL,NULL,NULL,NULL,NULL,NULL,NULL,NULL,MCU,London,All,S_14,EF_10,GF_08,NULL,Annual sample CP,Non-CDS,U,NM
2023,803583,NULL,Minor,1,01/04/2018,NULL,NM,NULL,U,NULL,LA,MONSELL ROAD,NULL,NULL,NULL,531759,186413,NULL,NULL,NULL,NULL,E-W,2,1,2,20,NULL,NULL,5570,E09000019,Islington,London,Counted,Counted,78.575826,NULL,NULL,NULL,NULL,E12000007,NULL,NULL,NULL,NULL,LA,51.561214,-0.10062784,NULL,NULL,NULL,NULL,NULL,NULL,NULL,NULL,MCU,London,All,S_14,EF_10,GF_08,NULL,Annual sample CP,Non-CDS,U,NM
2023,810960,NULL,Minor,1,01/04/2019,NULL,NM,NULL,C,NULL,LA,ST BARNABAS ROAD,NULL,NULL,NULL,540947,190769,NULL,NULL,NULL,NULL,N-S,2,1,2,30,NULL,NULL,5780,E09000026,Redbridge,London,Counted,Counted,5862.859967,NULL,NULL,NULL,NULL,E12000007,NULL,NULL,NULL,NULL,LA,51.598137,0.033578906,NULL,NULL,NULL,NULL,NULL,NULL,NULL,NULL,MCU,London,All,S_14,EF_10,GF_08,NULL,Annual sample CP,Non-CDS,U,NM
2023,810969,NULL,Minor,1,01/04/2019,NULL,NM,NULL,U,NULL,LA,BOONE STREET,NULL,NULL,NULL,539286,175244,NULL,NULL,NULL,NULL,S,1,1,1,20,NULL,NULL,5690,E09000023,Lewisham,London,Counted,Counted,306.214115,NULL,NULL,NULL,NULL,E12000007,NULL,NULL,NULL,NULL,LA,51.459043,0.003479501,NULL,NULL,NULL,NULL,NULL,NULL,NULL,NULL,MCU,London,All,S_14,EF_10,GF_08,NULL,Annual sample CP,Non-CDS,U,NM
2023,810973,NULL,Minor,1,01/04/2019,NULL,NM,NULL,C,NULL,LA,HEWITTS ROAD,NULL,NULL,NULL,548966,163364,NULL,NULL,NULL,NULL,N-S,2,1,2,30,NULL,NULL,5180,E09000006,Bromley,London,Counted,Counted,778.855194,NULL,NULL,NULL,NULL,E12000007,NULL,NULL,NULL,NULL,LA,51.349835,0.13772716,NULL,NULL,NULL,NULL,NULL,NULL,NULL,NULL,MCU,All,All,S_18,EF_09,GF_10,NULL,Annual sample CP,Non-CDS,R,NM
2023,810989,NULL,Minor,1,01/04/2019,NULL,NM,NULL,U,NULL,LA,NORTON AVENUE,NULL,NULL,NULL,519847,166919,NULL,NULL,NULL,NULL,E-W,2,1,2,30,NULL,NULL,5630,E09000021,Kingston upon Thames,London,Counted,Counted,382.996103,NULL,NULL,NULL,NULL,E12000007,NULL,NULL,NULL,NULL,LA,51.388668,-0.27898981,NULL,NULL,NULL,NULL,NULL,NULL,NULL,NULL,MCU,London,All,S_14,EF_10,GF_08,NULL,Annual sample CP,Non-CDS,U,NM
2023,811005,NULL,Minor,1,01/04/2019,NULL,NM,NULL,U,NULL,LA,TIMBER POND ROAD,NULL,NULL,NULL,535966,180101,NULL,NULL,NULL,NULL,E-W,2,1,2,20,NULL,NULL,5840,E09000028,Southwark,London,Counted,Counted,1596.448255,NULL,NULL,NULL,NULL,E12000007,NULL,NULL,NULL,NULL,LA,51.503496,-0.042409799,NULL,NULL,NULL,NULL,NULL,NULL,NULL,NULL,MCU,London,All,S_14,EF_10,GF_08,NULL,Annual sample CP,Non-CDS,U,NM
2023,811022,NULL,Minor,1,01/04/2019,NULL,NM,NULL,U,NULL,LA,MOUNT ROAD,NULL,NULL,NULL,522348,188017,NULL,NULL,NULL,NULL,N-S,2,1,2,30,NULL,NULL,5090,E09000003,Barnet,London,Counted,Counted,1783.276289,NULL,NULL,NULL,NULL,E12000007,NULL,NULL,NULL,NULL,LA,51.577747,-0.23576187,NULL,NULL,NULL,NULL,NULL,NULL,NULL,NULL,MCU,London,All,S_14,EF_10,GF_08,NULL,Annual sample CP,Non-CDS,U,NM
2023,811039,NULL,Minor,1,01/04/2019,NULL,NM,NULL,U,NULL,LA,THORNTREE ROAD,NULL,NULL,NULL,541782,178179,NULL,NULL,NULL,NULL,N-S,2,1,2,20,NULL,NULL,5330,E09000011,Greenwich,London,Counted,Counted,1694.733976,NULL,NULL,NULL,NULL,E12000007,NULL,NULL,NULL,NULL,LA,51.484798,0.040559002,NULL,NULL,NULL,NULL,NULL,NULL,NULL,NULL,MCU,London,All,S_14,EF_10,GF_08,NULL,Annual sample CP,Non-CDS,U,NM
2023,811089,NULL,Minor,1,01/04/2019,NULL,NM,NULL,U,NULL,LA,FITZJOHN AVENUE,NULL,NULL,NULL,524534,196122,NULL,NULL,NULL,NULL,N-S,2,1,2,30,NULL,NULL,5090,E09000003,Barnet,London,Counted,Counted,1296.913047,NULL,NULL,NULL,NULL,E12000007,NULL,NULL,NULL,NULL,LA,51.650108,-0.20135465,NULL,NULL,NULL,NULL,NULL,NULL,NULL,NULL,MCU,London,All,S_14,EF_10,GF_08,NULL,Annual sample CP,Non-CDS,U,NM
2023,811106,NULL,Minor,1,01/04/2019,NULL,NM,NULL,U,NULL,LA,RALEIGH ROAD,NULL,NULL,NULL,531280,189408,NULL,NULL,NULL,NULL,W,1,1,1,20,NULL,NULL,5420,E09000014,Haringey,London,Counted,Counted,1458.721451,NULL,NULL,NULL,NULL,E12000007,NULL,NULL,NULL,NULL,LA,51.58824,-0.10641561,NULL,NULL,NULL,NULL,NULL,NULL,NULL,NULL,MCU,London,All,S_14,EF_10,GF_08,NULL,Annual sample CP,Non-CDS,U,NM
2023,811139,NULL,Minor,1,01/04/2019,NULL,NM,NULL,U,NULL,LA,GLENFIELD TERRACE,NULL,NULL,NULL,516599,180007,NULL,NULL,NULL,NULL,E-W,2,1,2,20,NULL,NULL,5270,E09000009,Ealing,London,Counted,Counted,170.527961,NULL,NULL,NULL,NULL,E12000007,NULL,NULL,NULL,NULL,LA,51.506975,-0.32133886,NULL,NULL,NULL,NULL,NULL,NULL,NULL,NULL,MCU,London,All,S_14,EF_10,GF_08,NULL,Annual sample CP,Non-CDS,U,NM
2023,811156,NULL,Minor,1,01/04/2019,NULL,NM,NULL,U,NULL,LA,TRUESDALE DRIVE,NULL,NULL,NULL,505207,189022,NULL,NULL,NULL,NULL,N-S,2,1,2,30,NULL,NULL,5510,E09000017,Hillingdon,London,Counted,Counted,492.330007,NULL,NULL,NULL,NULL,E12000007,NULL,NULL,NULL,NULL,LA,51.590237,-0.48272595,NULL,NULL,NULL,NULL,NULL,NULL,NULL,NULL,MCU,All,All,S_18,EF_09,GF_10,NULL,Annual sample CP,Non-CDS,R,NM
2023,811157,NULL,Minor,1,01/04/2019,NULL,NM,NULL,U,NULL,LA,HEWITT AVENUE,NULL,NULL,NULL,531765,190278,NULL,NULL,NULL,NULL,E-W,2,1,2,20,NULL,NULL,5420,E09000014,Haringey,London,Grown,Grown,467.144359,NULL,NULL,NULL,NULL,E12000007,NULL,NULL,NULL,NULL,LA,51.595945,-0.099092589,NULL,NULL,NULL,NULL,NULL,NULL,NULL,NULL,MCU,London,All,S_14,EF_10,GF_08,NULL,Annual sample CP,Non-CDS,U,NM
2023,811224,NULL,Minor,1,01/04/2019,NULL,NM,NULL,U,NULL,LA,HARMONDSWORTH LANE,NULL,NULL,NULL,506866,177839,NULL,NULL,NULL,NULL,E-W,2,1,2,20,NULL,NULL,5510,E09000017,Hillingdon,London,Counted,Counted,644.942024,NULL,NULL,NULL,NULL,E12000007,NULL,NULL,NULL,NULL,LA,51.489411,-0.46217899,NULL,NULL,NULL,NULL,NULL,NULL,NULL,NULL,MCU,All,All,S_18,EF_09,GF_10,NULL,Annual sample CP,Non-CDS,R,NM
2023,811240,NULL,Minor,1,01/04/2019,NULL,NM,NULL,U,NULL,LA,SANDY LANE,NULL,NULL,NULL,547945,170399,NULL,NULL,NULL,NULL,N-S,2,1,2,30,NULL,NULL,5180,E09000006,Bromley,London,Counted,Counted,8566.8248,NULL,NULL,NULL,NULL,E12000007,NULL,NULL,NULL,NULL,LA,51.413314,0.12600426,NULL,NULL,NULL,NULL,NULL,NULL,NULL,NULL,MCU,London,All,S_14,EF_10,GF_08,NULL,Annual sample CP,Non-CDS,U,NM
2023,900110,NULL,Minor,1,01/04/2020,NULL,NM,NULL,B205,NULL,LA,Brunel Road,NULL,NULL,NULL,535258,179722,NULL,NULL,NULL,NULL,N-S,2,1,2,0,NULL,NULL,5840,E09000028,Southwark,London,N/A,N/A,7290,NULL,NULL,NULL,NULL,E12000007,NULL,NULL,NULL,NULL,LA,51.50026,-0.05275,NULL,NULL,NULL,NULL,NULL,NULL,NULL,NULL,MB,London,All,S_13,EF_10,GF_07,NULL,ATC validation CP,Unknown,U,NM
2023,900111,NULL,Minor,1,01/04/2020,NULL,NM,NULL,B470,NULL,LA,Iver Lane,NULL,NULL,NULL,505072,182285,NULL,NULL,NULL,NULL,E-W,2,1,2,0,NULL,NULL,5510,E09000017,Hillingdon,London,N/A,N/A,9748,NULL,NULL,NULL,NULL,E12000007,NULL,NULL,NULL,NULL,LA,51.529709,-0.48668515,NULL,NULL,NULL,NULL,NULL,NULL,NULL,NULL,MB,London,All,S_13,EF_10,GF_07,NULL,ATC validation CP,Unknown,U,NM
2023,804071,NULL,Minor,1,01/04/2018,NULL,NM,NULL,U,NULL,LA,SOUTH PARK DRIVE,NULL,NULL,NULL,545268,186317,NULL,NULL,NULL,NULL,N-S,2,1,2,30,NULL,NULL,5780,E09000026,Redbridge,London,Counted,Counted,8855.528611,NULL,NULL,NULL,NULL,E12000007,NULL,NULL,NULL,NULL,LA,51.557037,0.094080965,NULL,NULL,NULL,NULL,NULL,NULL,NULL,NULL,MCU,London,All,S_14,EF_10,GF_08,NULL,Annual sample CP,Non-CDS,U,NM
2023,811034,NULL,Minor,1,01/04/2019,NULL,NM,NULL,U,NULL,LA,HEMINGFORD ROAD,NULL,NULL,NULL,530918,183944,NULL,NULL,NULL,NULL,N-S,2,1,2,20,NULL,NULL,5570,E09000019,Islington,London,Counted,Counted,5387.566398,NULL,NULL,NULL,NULL,E12000007,NULL,NULL,NULL,NULL,LA,51.539222,-0.1136711,NULL,NULL,NULL,NULL,NULL,NULL,NULL,NULL,MCU,London,All,S_14,EF_10,GF_08,NULL,Annual sample CP,Non-CDS,U,NM
2023,900112,NULL,Minor,1,01/04/2020,NULL,NM,NULL,C,NULL,LA,Commonside East,NULL,NULL,NULL,528858,168415,NULL,NULL,NULL,NULL,E-W,2,1,2,0,NULL,NULL,5720,E09000024,Merton,London,N/A,N/A,11084,NULL,NULL,NULL,NULL,E12000007,NULL,NULL,NULL,NULL,LA,51.40014,-0.14901438,NULL,NULL,NULL,NULL,NULL,NULL,NULL,NULL,MCU,London,All,S_14,EF_10,GF_08,NULL,ATC validation CP,Unknown,U,NM
2023,942955,NULL,Minor,1,01/01/2008,NULL,NM,NULL,C,NULL,LA,EAST FERRY ROAD,NULL,NULL,NULL,537923,178890,NULL,NULL,NULL,NULL,N-S,2,1,2,0,NULL,NULL,5900,E09000030,Tower Hamlets,London,N/A,N/A,5244,NULL,NULL,NULL,NULL,E12000007,NULL,NULL,NULL,NULL,LA,51.4921418,-0.014704509,NULL,NULL,NULL,NULL,NULL,NULL,NULL,NULL,MCU,London,All,S_14,EF_10,GF_08,NULL,ATC validation CP,NULL,U,NM
2023,990142,NULL,Minor,1,01/04/2020,NULL,NM,NULL,B,NULL,LA,Blacksmith Lane,NULL,NULL,NULL,547480,167980,NULL,NULL,NULL,NULL,E-W,2,1,2,30,NULL,NULL,5180,E09000006,Bromley,London,N/A,N/A,4243,NULL,NULL,NULL,NULL,E12000007,NULL,NULL,NULL,NULL,LA,51.3917,0.11831797,NULL,NULL,NULL,NULL,NULL,NULL,NULL,NULL,MB,London,All,S_13,EF_10,GF_07,NULL,ATC validation CP,Unknown,U,NM
2023,811100,NULL,Minor,1,01/04/2019,NULL,NM,NULL,U,NULL,LA,CASTLE HILL AVENUE,NULL,NULL,NULL,538290,163045,NULL,NULL,NULL,NULL,E-W,2,1,2,20,NULL,NULL,5240,E09000008,Croydon,London,Counted,Counted,914.62634,NULL,NULL,NULL,NULL,E12000007,NULL,NULL,NULL,NULL,LA,51.349665,-0.015598806,NULL,NULL,NULL,NULL,NULL,NULL,NULL,NULL,MCU,London,All,S_14,EF_10,GF_08,NULL,Annual sample CP,Non-CDS,U,NM
2023,811133,NULL,Minor,1,01/04/2019,NULL,NM,NULL,U,NULL,LA,HIGH ELMS ROAD,NULL,NULL,NULL,543976,162498,NULL,NULL,NULL,NULL,N-S,2,1,2,40,NULL,NULL,5180,E09000006,Bromley,London,Counted,Counted,880.280941,NULL,NULL,NULL,NULL,E12000007,NULL,NULL,NULL,NULL,LA,51.343339,0.065772904,NULL,NULL,NULL,NULL,NULL,NULL,NULL,NULL,MCU,All,All,S_18,EF_09,GF_10,NULL,Annual sample CP,Non-CDS,R,NM
2023,811166,NULL,Minor,1,01/04/2019,NULL,NM,NULL,U,NULL,LA,KIMBERLEY GARDENS,NULL,NULL,NULL,531928,188611,NULL,NULL,NULL,NULL,E-W,2,1,2,20,NULL,NULL,5420,E09000014,Haringey,London,Counted,Counted,405.741741,NULL,NULL,NULL,NULL,E12000007,NULL,NULL,NULL,NULL,LA,51.580927,-0.097366723,NULL,NULL,NULL,NULL,NULL,NULL,NULL,NULL,MCU,London,All,S_14,EF_10,GF_08,NULL,Annual sample CP,Non-CDS,U,NM
2023,810950,NULL,Minor,1,01/04/2019,NULL,NM,NULL,U,NULL,LA,WADDINGTON WAY,NULL,NULL,NULL,532401,170001,NULL,NULL,NULL,NULL,E-W,2,1,2,20,NULL,NULL,5240,E09000008,Croydon,London,Grown,Grown,1887.975499,NULL,NULL,NULL,NULL,E12000007,NULL,NULL,NULL,NULL,LA,51.413577,-0.09752092,NULL,NULL,NULL,NULL,NULL,NULL,NULL,NULL,MCU,London,All,S_14,EF_10,GF_08,NULL,Annual sample CP,Non-CDS,U,NM
2023,810983,NULL,Minor,1,01/04/2019,NULL,NM,NULL,C,NULL,LA,RED POST HILL,NULL,NULL,NULL,532851,174575,NULL,NULL,NULL,NULL,N-S,2,1,2,20,NULL,NULL,5840,E09000028,Southwark,London,Counted,Counted,8097.358706,NULL,NULL,NULL,NULL,E12000007,NULL,NULL,NULL,NULL,LA,51.454577,-0.089339673,NULL,NULL,NULL,NULL,NULL,NULL,NULL,NULL,MCU,London,All,S_14,EF_10,GF_08,NULL,Annual sample CP,Non-CDS,U,NM
2023,811000,NULL,Minor,1,01/04/2019,NULL,NM,NULL,U,NULL,LA,CHADWELL HEATH LN,NULL,NULL,NULL,547691,188028,NULL,NULL,NULL,NULL,N-S,2,1,2,20,NULL,NULL,5780,E09000026,Redbridge,London,Counted,Counted,7653.043992,NULL,NULL,NULL,NULL,E12000007,NULL,NULL,NULL,NULL,LA,51.571782,0.12972503,NULL,NULL,NULL,NULL,NULL,NULL,NULL,NULL,MCU,London,All,S_14,EF_10,GF_08,NULL,Annual sample CP,Non-CDS,U,NM
2023,811016,NULL,Minor,1,01/04/2019,NULL,NM,NULL,U,NULL,LA,MANOR WOOD ROAD,NULL,NULL,NULL,530381,161055,NULL,NULL,NULL,NULL,N-S,2,1,2,20,NULL,NULL,5240,E09000008,Croydon,London,Counted,Counted,1842.527797,NULL,NULL,NULL,NULL,E12000007,NULL,NULL,NULL,NULL,LA,51.333649,-0.12982996,NULL,NULL,NULL,NULL,NULL,NULL,NULL,NULL,MCU,London,All,S_14,EF_10,GF_08,NULL,Annual sample CP,Non-CDS,U,NM
2023,804471,NULL,Minor,1,01/04/2018,NULL,NM,NULL,U,NULL,LA,ERPINGHAM ROAD,NULL,NULL,NULL,523278,175685,NULL,NULL,NULL,NULL,N-S,2,1,2,20,NULL,NULL,5960,E09000032,Wandsworth,London,Counted,Counted,2554.929908,NULL,NULL,NULL,NULL,E12000007,NULL,NULL,NULL,NULL,LA,51.466716,-0.22665826,NULL,NULL,NULL,NULL,NULL,NULL,NULL,NULL,MCU,London,All,S_14,EF_10,GF_08,NULL,Annual sample CP,Non-CDS,U,NM
2023,804472,NULL,Minor,1,01/04/2018,NULL,NM,NULL,U,NULL,LA,HAZLEWELL ROAD,NULL,NULL,NULL,523367,174891,NULL,NULL,NULL,NULL,E-W,2,1,2,20,NULL,NULL,5960,E09000032,Wandsworth,London,Counted,Counted,1691.869902,NULL,NULL,NULL,NULL,E12000007,NULL,NULL,NULL,NULL,LA,51.459561,-0.22565446,NULL,NULL,NULL,NULL,NULL,NULL,NULL,NULL,MCU,London,All,S_14,EF_10,GF_08,NULL,Annual sample CP,Non-CDS,U,NM
2023,810946,NULL,Minor,1,01/04/2019,NULL,NM,NULL,U,NULL,LA,GOULDS GREEN,NULL,NULL,NULL,507981,181061,NULL,NULL,NULL,NULL,E-W,2,1,2,30,NULL,NULL,5510,E09000017,Hillingdon,London,Counted,Counted,532.192685,NULL,NULL,NULL,NULL,E12000007,NULL,NULL,NULL,NULL,LA,51.518159,-0.44514042,NULL,NULL,NULL,NULL,NULL,NULL,NULL,NULL,MCU,London,All,S_14,EF_10,GF_08,NULL,Annual sample CP,Non-CDS,U,NM
2023,810953,NULL,Minor,1,01/04/2019,NULL,NM,NULL,C,NULL,LA,BELMONT ROAD,NULL,NULL,NULL,549655,176899,NULL,NULL,NULL,NULL,E-W,2,1,2,30,NULL,NULL,5120,E09000004,Bexley,London,Counted,Counted,8216.781284,NULL,NULL,NULL,NULL,E12000007,NULL,NULL,NULL,NULL,LA,51.47127,0.15332064,NULL,NULL,NULL,NULL,NULL,NULL,NULL,NULL,MCU,London,All,S_14,EF_10,GF_08,NULL,Annual sample CP,Non-CDS,U,NM
2023,810996,NULL,Minor,1,01/04/2019,NULL,NM,NULL,B280,NULL,LA,RUSHETT LANE,NULL,NULL,NULL,518160,161222,NULL,NULL,NULL,NULL,E-W,2,1,2,40,NULL,NULL,5630,E09000021,Kingston upon Thames,London,Counted,Counted,11668.42831,NULL,NULL,NULL,NULL,E12000007,NULL,NULL,NULL,NULL,LA,51.337818,-0.3051145,NULL,NULL,NULL,NULL,NULL,NULL,NULL,NULL,MB,All,All,S_17,EF_09,GF_09,NULL,Annual sample CP,Non-CDS,R,NM
2023,811012,NULL,Minor,1,01/04/2019,NULL,NM,NULL,U,NULL,LA,LUXFIELD ROAD,NULL,NULL,NULL,542230,173132,NULL,NULL,NULL,NULL,E-W,2,1,2,20,NULL,NULL,5330,E09000011,Greenwich,London,Counted,Counted,242.945663,NULL,NULL,NULL,NULL,E12000007,NULL,NULL,NULL,NULL,LA,51.439334,0.044978242,NULL,NULL,NULL,NULL,NULL,NULL,NULL,NULL,MCU,London,All,S_14,EF_10,GF_08,NULL,Annual sample CP,Non-CDS,U,NM
2023,811021,NULL,Minor,1,01/04/2019,NULL,NM,NULL,U,NULL,LA,ROYAL LANE,NULL,NULL,NULL,506544,181588,NULL,NULL,NULL,NULL,N-S,2,1,2,30,NULL,NULL,5510,E09000017,Hillingdon,London,Counted,Counted,6248.571122,NULL,NULL,NULL,NULL,E12000007,NULL,NULL,NULL,NULL,LA,51.523168,-0.46568366,NULL,NULL,NULL,NULL,NULL,NULL,NULL,NULL,MCU,London,All,S_14,EF_10,GF_08,NULL,Annual sample CP,Non-CDS,U,NM
2023,803084,NULL,Minor,1,01/04/2018,NULL,NM,NULL,U,NULL,LA,LITTLEJOHN ROAD,NULL,NULL,NULL,546581,167628,NULL,NULL,NULL,NULL,N-S,2,1,2,30,NULL,NULL,5180,E09000006,Bromley,London,Counted,Counted,748.066966,NULL,NULL,NULL,NULL,E12000007,NULL,NULL,NULL,NULL,LA,51.388769,0.10526099,NULL,NULL,NULL,NULL,NULL,NULL,NULL,NULL,MCU,London,All,S_14,EF_10,GF_08,NULL,Annual sample CP,Non-CDS,U,NM
2023,811028,NULL,Minor,1,01/04/2019,NULL,NM,NULL,U,NULL,LA,SHAFTESBURY ROAD,NULL,NULL,NULL,527045,166855,NULL,NULL,NULL,NULL,E-W,2,1,2,30,NULL,NULL,5870,E09000029,Sutton,London,Counted,Counted,1869.987063,NULL,NULL,NULL,NULL,E12000007,NULL,NULL,NULL,NULL,LA,51.386528,-0.17562033,NULL,NULL,NULL,NULL,NULL,NULL,NULL,NULL,MCU,London,All,S_14,EF_10,GF_08,NULL,Annual sample CP,Non-CDS,U,NM
2023,811037,NULL,Minor,1,01/04/2019,NULL,NM,NULL,U,NULL,LA,LAWRENCE STREET,NULL,NULL,NULL,521653,192709,NULL,NULL,NULL,NULL,N-S,2,1,2,30,NULL,NULL,5090,E09000003,Barnet,London,Counted,Counted,7025.702043,NULL,NULL,NULL,NULL,E12000007,NULL,NULL,NULL,NULL,LA,51.620065,-0.24416091,NULL,NULL,NULL,NULL,NULL,NULL,NULL,NULL,MCU,London,All,S_14,EF_10,GF_08,NULL,Annual sample CP,Non-CDS,U,NM
2023,811071,NULL,Minor,1,01/04/2019,NULL,NM,NULL,B517,NULL,LA,SOUTHAMPTON ROAD,NULL,NULL,NULL,527824,185339,NULL,NULL,NULL,NULL,N-S,2,1,2,20,NULL,NULL,5210,E09000007,Camden,London,Grown,Grown,7945.709581,NULL,NULL,NULL,NULL,E12000007,NULL,NULL,NULL,NULL,LA,51.552467,-0.15775246,NULL,NULL,NULL,NULL,NULL,NULL,NULL,NULL,MB,London,All,S_13,EF_10,GF_07,NULL,Annual sample CP,Non-CDS,U,NM
2023,811078,NULL,Minor,1,01/04/2019,NULL,NM,NULL,U,NULL,LA,THORNSBEACH ROAD,NULL,NULL,NULL,538247,173183,NULL,NULL,NULL,NULL,N-S,2,1,2,30,NULL,NULL,5690,E09000023,Lewisham,London,Counted,Counted,873.447104,NULL,NULL,NULL,NULL,E12000007,NULL,NULL,NULL,NULL,LA,51.440777,-0.012270632,NULL,NULL,NULL,NULL,NULL,NULL,NULL,NULL,MCU,London,All,S_14,EF_10,GF_08,NULL,Annual sample CP,Non-CDS,U,NM
2023,811112,NULL,Minor,1,01/04/2019,NULL,NM,NULL,B414,NULL,LA,KILBURN PARK ROAD,NULL,NULL,NULL,525507,183196,NULL,NULL,NULL,NULL,N-S,2,1,2,20,NULL,NULL,5990,E09000033,Westminster,London,Counted,Counted,4064.894539,NULL,NULL,NULL,NULL,E12000007,NULL,NULL,NULL,NULL,LA,51.533728,-0.19191667,NULL,NULL,NULL,NULL,NULL,NULL,NULL,NULL,MB,London,All,S_13,EF_10,GF_07,NULL,Annual sample CP,Non-CDS,U,NM
2023,811121,NULL,Minor,1,01/04/2019,NULL,NM,NULL,U,NULL,LA,DARTMOUTH HILL,NULL,NULL,NULL,538561,176611,NULL,NULL,NULL,NULL,E-W,2,1,2,20,NULL,NULL,5690,E09000023,Lewisham,London,Counted,Counted,426.379476,NULL,NULL,NULL,NULL,E12000007,NULL,NULL,NULL,NULL,LA,51.471505,-0.006413941,NULL,NULL,NULL,NULL,NULL,NULL,NULL,NULL,MCU,London,All,S_14,EF_10,GF_08,NULL,Annual sample CP,Non-CDS,U,NM
2023,811130,NULL,Minor,1,01/04/2019,NULL,NM,NULL,U,NULL,LA,NORTH HYDE ROAD,NULL,NULL,NULL,510068,178903,NULL,NULL,NULL,NULL,E-W,2,1,2,30,NULL,NULL,5510,E09000017,Hillingdon,London,Counted,Counted,15800.16873,NULL,NULL,NULL,NULL,E12000007,NULL,NULL,NULL,NULL,LA,51.49836,-0.41574712,NULL,NULL,NULL,NULL,NULL,NULL,NULL,NULL,MCU,London,All,S_14,EF_10,GF_08,NULL,Annual sample CP,Non-CDS,U,NM
2023,942405,NULL,Minor,1,01/04/2020,NULL,NM,NULL,C,NULL,LA,SHEPHERD'S HILL,NULL,NULL,NULL,529043,188197,NULL,NULL,NULL,NULL,E-W,2,1,2,20,NULL,NULL,5420,E09000014,Haringey,London,N/A,N/A,8082.495942,NULL,NULL,NULL,NULL,E12000007,NULL,NULL,NULL,NULL,LA,51.577874,-0.13913208,NULL,NULL,NULL,NULL,NULL,NULL,NULL,NULL,MCU,London,All,S_14,EF_10,GF_08,NULL,ATC validation CP,Unknown,U,NM
2023,942664,NULL,Minor,1,01/04/2020,NULL,NM,NULL,B,NULL,LA,WEST DRAYTON ROAD,NULL,NULL,NULL,507726,181534,NULL,NULL,NULL,NULL,E-W,2,1,2,30,NULL,NULL,5510,E09000017,Hillingdon,London,N/A,N/A,35078.25496,NULL,NULL,NULL,NULL,E12000007,NULL,NULL,NULL,NULL,LA,51.522459,-0.44866966,NULL,NULL,NULL,NULL,NULL,NULL,NULL,NULL,MB,London,All,S_13,EF_10,GF_07,NULL,ATC validation CP,Unknown,U,NM
2023,942923,NULL,Minor,1,01/04/2020,NULL,NM,NULL,C,NULL,LA,MIDDLETON ROAD,NULL,NULL,NULL,526829,166745,NULL,NULL,NULL,NULL,E-W,2,1,2,30,NULL,NULL,5870,E09000029,Sutton,London,N/A,N/A,14258.71962,NULL,NULL,NULL,NULL,E12000007,NULL,NULL,NULL,NULL,LA,51.385588,-0.17876203,NULL,NULL,NULL,NULL,NULL,NULL,NULL,NULL,MCU,London,All,S_14,EF_10,GF_08,NULL,ATC validation CP,Unknown,U,NM
2023,811137,NULL,Minor,1,01/04/2019,NULL,NM,NULL,C,NULL,LA,LODGE LANE,NULL,NULL,NULL,537375,163547,NULL,NULL,NULL,NULL,E-W,2,1,2,30,NULL,NULL,5240,E09000008,Croydon,London,Counted,Counted,22363.02621,NULL,NULL,NULL,NULL,E12000007,NULL,NULL,NULL,NULL,LA,51.354398,-0.028535814,NULL,NULL,NULL,NULL,NULL,NULL,NULL,NULL,MCU,All,All,S_18,EF_09,GF_10,NULL,Annual sample CP,Non-CDS,R,NM
2023,811146,NULL,Minor,1,01/04/2019,NULL,NM,NULL,U,NULL,LA,ALEXANDRA ROAD,NULL,NULL,NULL,505576,183167,NULL,NULL,NULL,NULL,N-S,2,1,2,30,NULL,NULL,5510,E09000017,Hillingdon,London,Counted,Counted,312.869014,NULL,NULL,NULL,NULL,E12000007,NULL,NULL,NULL,NULL,LA,51.537542,-0.47915812,NULL,NULL,NULL,NULL,NULL,NULL,NULL,NULL,MCU,London,All,S_14,EF_10,GF_08,NULL,Annual sample CP,Non-CDS,U,NM
2023,811196,NULL,Minor,1,01/04/2019,NULL,NM,NULL,B2158,NULL,LA,FARNBOROUGH HILL,NULL,NULL,NULL,545203,164167,NULL,NULL,NULL,NULL,E-W,2,1,2,30,NULL,NULL,5180,E09000006,Bromley,London,Counted,Counted,3537.725494,NULL,NULL,NULL,NULL,E12000007,NULL,NULL,NULL,NULL,LA,51.358024,0.084057752,NULL,NULL,NULL,NULL,NULL,NULL,NULL,NULL,MB,All,All,S_17,EF_09,GF_09,NULL,Annual sample CP,Non-CDS,R,NM
2023,811205,NULL,Minor,1,01/04/2019,NULL,NM,NULL,U,NULL,LA,PADNALL ROAD,NULL,NULL,NULL,548183,189186,NULL,NULL,NULL,NULL,E-W,2,1,2,30,NULL,NULL,5060,E09000002,Barking and Dagenham,London,Counted,Counted,1135.815345,NULL,NULL,NULL,NULL,E12000007,NULL,NULL,NULL,NULL,LA,51.582058,0.13730721,NULL,NULL,NULL,NULL,NULL,NULL,NULL,NULL,MCU,London,All,S_14,EF_10,GF_08,NULL,Annual sample CP,Non-CDS,U,NM
2023,811221,NULL,Minor,1,01/04/2019,NULL,NM,NULL,U,NULL,LA,KIMBERLEY ROAD,NULL,NULL,NULL,539196,194362,NULL,NULL,NULL,NULL,N-S,2,1,2,20,NULL,NULL,5930,E09000031,Waltham Forest,London,Counted,Counted,1342.33612,NULL,NULL,NULL,NULL,E12000007,NULL,NULL,NULL,NULL,LA,51.630858,0.009740777,NULL,NULL,NULL,NULL,NULL,NULL,NULL,NULL,MCU,London,All,S_14,EF_10,GF_08,NULL,Annual sample CP,Non-CDS,U,NM
2023,811230,NULL,Minor,1,01/04/2019,NULL,NM,NULL,U,NULL,LA,DOWNS ROAD,NULL,NULL,NULL,529766,158378,NULL,NULL,NULL,NULL,N-S,2,1,2,20,NULL,NULL,5240,E09000008,Croydon,London,Counted,Counted,658.536038,NULL,NULL,NULL,NULL,E12000007,NULL,NULL,NULL,NULL,LA,51.309731,-0.13962667,NULL,NULL,NULL,NULL,NULL,NULL,NULL,NULL,MCU,London,All,S_14,EF_10,GF_08,NULL,Annual sample CP,Non-CDS,U,NM
2023,811237,NULL,Minor,1,01/04/2019,NULL,NM,NULL,U,NULL,LA,QUINTA DRIVE,NULL,NULL,NULL,523278,195544,NULL,NULL,NULL,NULL,E-W,2,1,2,30,NULL,NULL,5090,E09000003,Barnet,London,Counted,Counted,4517.14008,NULL,NULL,NULL,NULL,E12000007,NULL,NULL,NULL,NULL,LA,51.64519,-0.21970318,NULL,NULL,NULL,NULL,NULL,NULL,NULL,NULL,MCU,All,All,S_18,EF_09,GF_10,NULL,Annual sample CP,Non-CDS,R,NM
2023,811211,NULL,Minor,1,01/04/2019,NULL,NM,NULL,U,NULL,LA,WOOLSTONE ROAD,NULL,NULL,NULL,536213,172560,NULL,NULL,NULL,NULL,E-W,2,1,2,20,NULL,NULL,5690,E09000023,Lewisham,London,Counted,Counted,6282.135851,NULL,NULL,NULL,NULL,E12000007,NULL,NULL,NULL,NULL,LA,51.435671,-0.041757099,NULL,NULL,NULL,NULL,NULL,NULL,NULL,NULL,MCU,London,All,S_14,EF_10,GF_08,NULL,Annual sample CP,Non-CDS,U,NM
2023,811227,NULL,Minor,1,01/04/2019,NULL,NM,NULL,B283,NULL,LA,TRAPS LANE,NULL,NULL,NULL,521173,169391,NULL,NULL,NULL,NULL,N-S,2,1,2,20,NULL,NULL,5630,E09000021,Kingston upon Thames,London,Counted,Counted,6901.519572,NULL,NULL,NULL,NULL,E12000007,NULL,NULL,NULL,NULL,LA,51.410604,-0.25909908,NULL,NULL,NULL,NULL,NULL,NULL,NULL,NULL,MB,London,All,S_13,EF_10,GF_07,NULL,Annual sample CP,Non-CDS,U,NM
2023,811236,NULL,Minor,1,01/04/2019,NULL,NM,NULL,B2032,NULL,LA,CHIPSTEAD VALLEY ROAD,NULL,NULL,NULL,528829,159293,NULL,NULL,NULL,NULL,E-W,2,1,2,30,NULL,NULL,5240,E09000008,Croydon,London,Counted,Counted,9599.636953,NULL,NULL,NULL,NULL,E12000007,NULL,NULL,NULL,NULL,LA,51.318167,-0.15273207,NULL,NULL,NULL,NULL,NULL,NULL,NULL,NULL,MB,London,All,S_13,EF_10,GF_07,NULL,Annual sample CP,Non-CDS,U,NM
2023,811245,NULL,Minor,1,01/04/2019,NULL,NM,NULL,U,NULL,LA,CONSTANCE ROAD,NULL,NULL,NULL,514030,173643,NULL,NULL,NULL,NULL,E-W,2,1,2,20,NULL,NULL,5810,E09000027,Richmond upon Thames,London,Counted,Counted,705.979895,NULL,NULL,NULL,NULL,E12000007,NULL,NULL,NULL,NULL,LA,51.4503,-0.36039094,NULL,NULL,NULL,NULL,NULL,NULL,NULL,NULL,MCU,London,All,S_14,EF_10,GF_08,NULL,Annual sample CP,Non-CDS,U,NM
2023,820102,NULL,Minor,1,01/04/2020,NULL,NM,NULL,U,NULL,LA,APELDOORN DRIVE,CDS,NULL,NULL,530300,162888,NULL,NULL,NULL,NULL,N-S,2,1,2,0,NULL,NULL,5870,E09000029,Sutton,London,Grown,Grown,78.548018,NULL,NULL,NULL,NULL,E12000007,NULL,NULL,NULL,NULL,LA,51.35014,-0.13032178,NULL,NULL,NULL,NULL,NULL,NULL,NULL,NULL,MCU,London,All,S_14,EF_10,GF_08,NULL,Growth sample CP,CDS,U,NM
2023,812308,NULL,Minor,1,01/04/2019,NULL,NM,NULL,U,NULL,LA,Rogers Road,NULL,NULL,NULL,539945,181284,NULL,NULL,NULL,NULL,N-S,2,1,2,30,NULL,NULL,5750,E09000025,Newham,London,Grown,Grown,1539.230007,NULL,NULL,NULL,NULL,E12000007,NULL,NULL,NULL,NULL,LA,51.513156,0.015350654,NULL,NULL,NULL,NULL,NULL,NULL,NULL,NULL,MCU,London,All,S_14,EF_10,GF_08,NULL,Annual sample CP,Non-CDS,U,NM
2023,900004,NULL,Minor,1,01/04/2020,NULL,NM,NULL,C,NULL,LA,NULL,W.Drayton,NULL,NULL,506400,178400,NULL,NULL,NULL,NULL,N-S,2,1,2,40,NULL,NULL,5510,E09000017,Hillingdon,London,N/A,N/A,9168,NULL,NULL,NULL,NULL,E12000007,NULL,NULL,NULL,NULL,LA,51.494541,-0.46871937,NULL,NULL,NULL,NULL,NULL,NULL,NULL,NULL,MCU,All,All,S_18,EF_09,GF_10,NULL,ATC validation CP,Unknown,R,NM
2023,900113,NULL,Minor,1,01/04/2020,NULL,NM,NULL,U,NULL,LA,Lambs Croft Avenue,NULL,NULL,NULL,541720,172262,NULL,NULL,NULL,NULL,E-W,2,1,2,0,NULL,NULL,5690,E09000023,Lewisham,London,N/A,N/A,158,NULL,NULL,NULL,NULL,E12000007,NULL,NULL,NULL,NULL,LA,51.431644,0.037297611,NULL,NULL,NULL,NULL,NULL,NULL,NULL,NULL,MCU,London,All,S_14,EF_10,GF_08,NULL,ATC validation CP,Unknown,U,NM
2023,942420,NULL,Minor,1,01/04/2020,NULL,NM,NULL,B,NULL,LA,CORBETS TEY ROAD,NULL,NULL,NULL,555954,185336,NULL,NULL,NULL,NULL,N-S,2,1,2,30,NULL,NULL,5480,E09000016,Havering,London,N/A,N/A,10350.19307,NULL,NULL,NULL,NULL,E12000007,NULL,NULL,NULL,NULL,LA,51.545373,0.24766753,NULL,NULL,NULL,NULL,NULL,NULL,NULL,NULL,MB,London,All,S_13,EF_10,GF_07,NULL,ATC validation CP,Unknown,U,NM
2023,820103,NULL,Minor,1,01/04/2020,NULL,NM,NULL,U,NULL,LA,GEORGE GROVES ROAD,CDS,NULL,NULL,534484,169836,NULL,NULL,NULL,NULL,N-S,2,1,2,30,NULL,NULL,5180,E09000006,Bromley,London,Counted,Counted,163.525252,NULL,NULL,NULL,NULL,E12000007,NULL,NULL,NULL,NULL,LA,51.411605,-0.067648981,NULL,NULL,NULL,NULL,NULL,NULL,NULL,NULL,MCU,London,All,S_14,EF_10,GF_08,NULL,Annual sample CP,CDS,U,NM
2023,802917,NULL,Minor,1,01/04/2018,NULL,NM,NULL,U,NULL,LA,ELLERTON ROAD,NULL,NULL,NULL,547125,184014,NULL,NULL,NULL,NULL,N-S,2,1,2,20,NULL,NULL,5060,E09000002,Barking and Dagenham,London,Counted,Counted,588.181689,NULL,NULL,NULL,NULL,E12000007,NULL,NULL,NULL,NULL,LA,51.535863,0.11988623,NULL,NULL,NULL,NULL,NULL,NULL,NULL,NULL,MCU,London,All,S_14,EF_10,GF_08,NULL,Annual sample CP,Non-CDS,U,NM
2023,811213,NULL,Minor,1,01/04/2019,NULL,NM,NULL,U,NULL,LA,SHENLEY AVENUE,NULL,NULL,NULL,509794,186985,NULL,NULL,NULL,NULL,E-W,2,1,2,30,NULL,NULL,5510,E09000017,Hillingdon,London,Counted,Counted,2683.459219,NULL,NULL,NULL,NULL,E12000007,NULL,NULL,NULL,NULL,LA,51.571054,-0.41717518,NULL,NULL,NULL,NULL,NULL,NULL,NULL,NULL,MCU,London,All,S_14,EF_10,GF_08,NULL,Annual sample CP,Non-CDS,U,NM
2023,811220,NULL,Minor,1,01/04/2019,NULL,NM,NULL,C,NULL,LA,CROWTHER ROAD,NULL,NULL,NULL,534330,167910,NULL,NULL,NULL,NULL,E-W,2,1,2,20,NULL,NULL,5240,E09000008,Croydon,London,Counted,Counted,1651.032813,NULL,NULL,NULL,NULL,E12000007,NULL,NULL,NULL,NULL,LA,51.394333,-0.070590576,NULL,NULL,NULL,NULL,NULL,NULL,NULL,NULL,MCU,London,All,S_14,EF_10,GF_08,NULL,Annual sample CP,Non-CDS,U,NM
2023,811222,NULL,Minor,1,01/04/2019,NULL,NM,NULL,U,NULL,LA,SEATON GARDENS,NULL,NULL,NULL,510195,186575,NULL,NULL,NULL,NULL,E-W,2,1,2,30,NULL,NULL,5510,E09000017,Hillingdon,London,Counted,Counted,466.703795,NULL,NULL,NULL,NULL,E12000007,NULL,NULL,NULL,NULL,LA,51.567291,-0.41151997,NULL,NULL,NULL,NULL,NULL,NULL,NULL,NULL,MCU,London,All,S_14,EF_10,GF_08,NULL,Annual sample CP,Non-CDS,U,NM
2023,811229,NULL,Minor,1,01/04/2019,NULL,NM,NULL,U,NULL,LA,RAVENSCROFT AVENUE,NULL,NULL,NULL,524744,187856,NULL,NULL,NULL,NULL,N-S,2,1,2,30,NULL,NULL,5090,E09000003,Barnet,London,Counted,Counted,4558.791321,NULL,NULL,NULL,NULL,E12000007,NULL,NULL,NULL,NULL,LA,51.575776,-0.20125991,NULL,NULL,NULL,NULL,NULL,NULL,NULL,NULL,MCU,London,All,S_14,EF_10,GF_08,NULL,Annual sample CP,Non-CDS,U,NM
2023,811238,NULL,Minor,1,01/04/2019,NULL,NM,NULL,U,NULL,LA,THE CROSS WAY,NULL,NULL,NULL,515416,190395,NULL,NULL,NULL,NULL,E-W,2,1,2,30,NULL,NULL,5450,E09000015,Harrow,London,Counted,Counted,1373.768172,NULL,NULL,NULL,NULL,E12000007,NULL,NULL,NULL,NULL,LA,51.60058,-0.33497122,NULL,NULL,NULL,NULL,NULL,NULL,NULL,NULL,MCU,London,All,S_14,EF_10,GF_08,NULL,Annual sample CP,Non-CDS,U,NM
2023,811911,NULL,Minor,1,01/04/2019,NULL,NM,NULL,B1335,NULL,LA,BRIDGE RD,NULL,NULL,NULL,551993,182310,NULL,NULL,NULL,NULL,N-S,2,1,2,20,NULL,NULL,5480,E09000016,Havering,London,Counted,Counted,7294.850398,NULL,NULL,NULL,NULL,E12000007,NULL,NULL,NULL,NULL,LA,51.519265,0.18928519,NULL,NULL,NULL,NULL,NULL,NULL,NULL,NULL,MB,All,All,S_17,EF_09,GF_09,NULL,Annual sample CP,Non-CDS,R,NM
2023,810985,NULL,Minor,1,01/04/2019,NULL,NM,NULL,U,NULL,LA,CHANDLER WAY,NULL,NULL,NULL,533542,177123,NULL,NULL,NULL,NULL,N-S,2,1,2,30,NULL,NULL,5840,E09000028,Southwark,London,Counted,Counted,368.427351,NULL,NULL,NULL,NULL,E12000007,NULL,NULL,NULL,NULL,LA,51.477312,-0.078438781,NULL,NULL,NULL,NULL,NULL,NULL,NULL,NULL,MCU,London,All,S_14,EF_10,GF_08,NULL,Annual sample CP,Non-CDS,U,NM
2023,811044,NULL,Minor,1,01/04/2019,NULL,NM,NULL,B160,NULL,LA,LARKSHALL ROAD,NULL,NULL,NULL,538571,192833,NULL,NULL,NULL,NULL,N-S,2,1,2,20,NULL,NULL,5930,E09000031,Waltham Forest,London,Counted,Counted,14290.42953,NULL,NULL,NULL,NULL,E12000007,NULL,NULL,NULL,NULL,LA,51.617272,0.000112231,NULL,NULL,NULL,NULL,NULL,NULL,NULL,NULL,MB,London,All,S_13,EF_10,GF_07,NULL,Annual sample CP,Non-CDS,U,NM
2023,811060,NULL,Minor,1,01/04/2019,NULL,NM,NULL,U,NULL,LA,WALTON GREEN,NULL,NULL,NULL,538145,163049,NULL,NULL,NULL,NULL,N-S,2,1,2,20,NULL,NULL,5240,E09000008,Croydon,London,Counted,Counted,109.225562,NULL,NULL,NULL,NULL,E12000007,NULL,NULL,NULL,NULL,LA,51.349736,-0.017678057,NULL,NULL,NULL,NULL,NULL,NULL,NULL,NULL,MCU,London,All,S_14,EF_10,GF_08,NULL,Annual sample CP,Non-CDS,U,NM
2023,811094,NULL,Minor,1,01/04/2019,NULL,NM,NULL,U,NULL,LA,TOLCARNE DRIVE,NULL,NULL,NULL,510408,190103,NULL,NULL,NULL,NULL,E-W,2,1,2,30,NULL,NULL,5510,E09000017,Hillingdon,London,Counted,Counted,2476.395137,NULL,NULL,NULL,NULL,E12000007,NULL,NULL,NULL,NULL,LA,51.598959,-0.40733988,NULL,NULL,NULL,NULL,NULL,NULL,NULL,NULL,MCU,London,All,S_14,EF_10,GF_08,NULL,Annual sample CP,Non-CDS,U,NM
2023,811119,NULL,Minor,1,01/04/2019,NULL,NM,NULL,U,NULL,LA,OTTO STREET,NULL,NULL,NULL,531722,177778,NULL,NULL,NULL,NULL,N-S,2,1,2,30,NULL,NULL,5840,E09000028,Southwark,London,Counted,Counted,255.785222,NULL,NULL,NULL,NULL,E12000007,NULL,NULL,NULL,NULL,LA,51.483624,-0.10438649,NULL,NULL,NULL,NULL,NULL,NULL,NULL,NULL,MCU,London,All,S_14,EF_10,GF_08,NULL,Annual sample CP,Non-CDS,U,NM
2023,811153,NULL,Minor,1,01/04/2019,NULL,NM,NULL,U,NULL,LA,LEAHURST ROAD,NULL,NULL,NULL,539109,174509,NULL,NULL,NULL,NULL,E-W,2,1,2,20,NULL,NULL,5690,E09000023,Lewisham,London,Grown,Grown,3221.15332,NULL,NULL,NULL,NULL,E12000007,NULL,NULL,NULL,NULL,LA,51.452482,0.000644633,NULL,NULL,NULL,NULL,NULL,NULL,NULL,NULL,MCU,London,All,S_14,EF_10,GF_08,NULL,Annual sample CP,Non-CDS,U,NM
2023,811160,NULL,Minor,1,01/04/2019,NULL,NM,NULL,U,NULL,LA,BELVEDERE ROAD,NULL,NULL,NULL,548748,175914,NULL,NULL,NULL,NULL,N-S,2,1,2,30,NULL,NULL,5120,E09000004,Bexley,London,Counted,Counted,9127.966923,NULL,NULL,NULL,NULL,E12000007,NULL,NULL,NULL,NULL,LA,51.462658,0.13985744,NULL,NULL,NULL,NULL,NULL,NULL,NULL,NULL,MCU,London,All,S_14,EF_10,GF_08,NULL,Annual sample CP,Non-CDS,U,NM
2023,811169,NULL,Minor,1,01/04/2019,NULL,NM,NULL,U,NULL,LA,ERLANGER ROAD,NULL,NULL,NULL,535771,176487,NULL,NULL,NULL,NULL,N-S,2,1,2,20,NULL,NULL,5690,E09000023,Lewisham,London,Grown,Grown,1183.099726,NULL,NULL,NULL,NULL,E12000007,NULL,NULL,NULL,NULL,LA,51.471067,-0.046606118,NULL,NULL,NULL,NULL,NULL,NULL,NULL,NULL,MCU,London,All,S_14,EF_10,GF_08,NULL,Annual sample CP,Non-CDS,U,NM
2023,811194,NULL,Minor,1,01/04/2019,NULL,NM,NULL,U,NULL,LA,BRAMLEY RD,NULL,NULL,NULL,523770,180860,NULL,NULL,NULL,NULL,N-S,2,1,2,20,NULL,NULL,5600,E09000020,Kensington and Chelsea,London,Counted,Counted,12952.26005,NULL,NULL,NULL,NULL,E12000007,NULL,NULL,NULL,NULL,LA,51.513117,-0.2177663,NULL,NULL,NULL,NULL,NULL,NULL,NULL,NULL,MCU,London,All,S_14,EF_10,GF_08,NULL,Annual sample CP,Non-CDS,U,NM
2023,811203,NULL,Minor,1,01/04/2019,NULL,NM,NULL,U,NULL,LA,CARLINGFORD ROAD,NULL,NULL,NULL,531955,189497,NULL,NULL,NULL,NULL,N-S,2,1,2,20,NULL,NULL,5420,E09000014,Haringey,London,Counted,Counted,665.82944,NULL,NULL,NULL,NULL,E12000007,NULL,NULL,NULL,NULL,LA,51.588882,-0.096644575,NULL,NULL,NULL,NULL,NULL,NULL,NULL,NULL,MCU,London,All,S_14,EF_10,GF_08,NULL,Annual sample CP,Non-CDS,U,NM
2023,810963,NULL,Minor,1,01/04/2019,NULL,NM,NULL,U,NULL,LA,SIBTHORPE ROAD,NULL,NULL,NULL,540816,174009,NULL,NULL,NULL,NULL,E,1,1,1,30,NULL,NULL,5330,E09000011,Greenwich,London,Counted,Counted,556.894154,NULL,NULL,NULL,NULL,E12000007,NULL,NULL,NULL,NULL,LA,51.447568,0.024996299,NULL,NULL,NULL,NULL,NULL,NULL,NULL,NULL,MCU,London,All,S_14,EF_10,GF_08,NULL,Annual sample CP,Non-CDS,U,NM
2023,810970,NULL,Minor,1,01/04/2019,NULL,NM,NULL,U,NULL,LA,NORHEADS LANE,NULL,NULL,NULL,540985,159067,NULL,NULL,NULL,NULL,E-W,2,1,2,30,NULL,NULL,5180,E09000006,Bromley,London,Counted,Counted,198.697342,NULL,NULL,NULL,NULL,E12000007,NULL,NULL,NULL,NULL,LA,51.313256,0.021501723,NULL,NULL,NULL,NULL,NULL,NULL,NULL,NULL,MCU,All,All,S_18,EF_09,GF_10,NULL,Annual sample CP,Non-CDS,R,NM
2023,810964,NULL,Minor,1,01/04/2019,NULL,NM,NULL,C,NULL,LA,STANWELL ROAD,NULL,NULL,NULL,508112,173840,NULL,NULL,NULL,NULL,E-W,2,2,5,50,NULL,NULL,5540,E09000018,Hounslow,London,Counted,Counted,14831.52621,NULL,NULL,NULL,NULL,E12000007,NULL,NULL,NULL,NULL,LA,51.45323,-0.4454618,NULL,NULL,NULL,NULL,NULL,NULL,NULL,NULL,MCU,All,All,S_18,EF_09,GF_10,NULL,Annual sample CP,Non-CDS,R,NM
2023,810997,NULL,Minor,1,01/04/2019,NULL,NM,NULL,U,NULL,LA,CRANSTON ROAD,NULL,NULL,NULL,536148,173132,NULL,NULL,NULL,NULL,N-S,2,1,2,20,NULL,NULL,5690,E09000023,Lewisham,London,Counted,Counted,7877.069847,NULL,NULL,NULL,NULL,E12000007,NULL,NULL,NULL,NULL,LA,51.440827,-0.04247188,NULL,NULL,NULL,NULL,NULL,NULL,NULL,NULL,MCU,London,All,S_14,EF_10,GF_08,NULL,Annual sample CP,Non-CDS,U,NM
2023,811015,NULL,Minor,1,01/04/2019,NULL,NM,NULL,B263,NULL,LA,GREEN LANE,NULL,NULL,NULL,543569,172394,NULL,NULL,NULL,NULL,N-S,2,1,2,30,NULL,NULL,5330,E09000011,Greenwich,London,Counted,Counted,11930.06977,NULL,NULL,NULL,NULL,E12000007,NULL,NULL,NULL,NULL,LA,51.432365,0.063931099,NULL,NULL,NULL,NULL,NULL,NULL,NULL,NULL,MB,London,All,S_13,EF_10,GF_07,NULL,Annual sample CP,Non-CDS,U,NM
2023,811047,NULL,Minor,1,01/04/2019,NULL,NM,NULL,U,NULL,LA,LONSDALE AVE,NULL,NULL,NULL,542071,182410,NULL,NULL,NULL,NULL,E-W,2,1,2,30,NULL,NULL,5750,E09000025,Newham,London,Counted,Counted,8584.438727,NULL,NULL,NULL,NULL,E12000007,NULL,NULL,NULL,NULL,LA,51.522744,0.046421028,NULL,NULL,NULL,NULL,NULL,NULL,NULL,NULL,MCU,London,All,S_14,EF_10,GF_08,NULL,Annual sample CP,Non-CDS,U,NM
2023,811115,NULL,Minor,1,01/04/2019,NULL,NM,NULL,U,NULL,LA,THE FAIRWAY,NULL,NULL,NULL,511896,186348,NULL,NULL,NULL,NULL,E-W,2,1,2,30,NULL,NULL,5510,E09000017,Hillingdon,London,Counted,Counted,4026.590453,NULL,NULL,NULL,NULL,E12000007,NULL,NULL,NULL,NULL,LA,51.564916,-0.38706081,NULL,NULL,NULL,NULL,NULL,NULL,NULL,NULL,MCU,London,All,S_14,EF_10,GF_08,NULL,Annual sample CP,Non-CDS,U,NM
2023,811131,NULL,Minor,1,01/04/2019,NULL,NM,NULL,C,NULL,LA,LINCOLN ROAD,NULL,NULL,NULL,533723,195992,NULL,NULL,NULL,NULL,E-W,2,1,2,30,NULL,NULL,5300,E09000010,Enfield,London,Counted,Counted,5208.107277,NULL,NULL,NULL,NULL,E12000007,NULL,NULL,NULL,NULL,LA,51.646831,-0.06866287,NULL,NULL,NULL,NULL,NULL,NULL,NULL,NULL,MCU,London,All,S_14,EF_10,GF_08,NULL,Annual sample CP,Non-CDS,U,NM
2023,900102,NULL,Minor,1,01/04/2020,NULL,NM,NULL,U,NULL,LA,Chelsfield Lane,NULL,NULL,NULL,547779,166449,NULL,NULL,NULL,NULL,E-W,2,1,2,0,NULL,NULL,5180,E09000006,Bromley,London,N/A,N/A,5476,NULL,NULL,NULL,NULL,E12000007,NULL,NULL,NULL,NULL,LA,51.377865,0.121975,NULL,NULL,NULL,NULL,NULL,NULL,NULL,NULL,MCU,London,All,S_14,EF_10,GF_08,NULL,ATC validation CP,Unknown,U,NM
2023,900103,NULL,Minor,1,01/04/2020,NULL,NM,NULL,U,NULL,LA,Mead Way,NULL,NULL,NULL,540043,167386,NULL,NULL,NULL,NULL,E-W,2,1,2,0,NULL,NULL,5180,E09000006,Bromley,London,N/A,N/A,7631,NULL,NULL,NULL,NULL,E12000007,NULL,NULL,NULL,NULL,LA,51.388245,0.011265,NULL,NULL,NULL,NULL,NULL,NULL,NULL,NULL,MCU,London,All,S_14,EF_10,GF_08,NULL,ATC validation CP,Unknown,U,NM
2023,942401,NULL,Minor,1,01/04/2020,NULL,NM,NULL,B,NULL,LA,ALEXANDRA PARK ROAD,NULL,NULL,NULL,528775,190370,NULL,NULL,NULL,NULL,E-W,2,1,2,20,NULL,NULL,5420,E09000014,Haringey,London,N/A,N/A,13621.91479,NULL,NULL,NULL,NULL,E12000007,NULL,NULL,NULL,NULL,LA,51.597463,-0.14220104,NULL,NULL,NULL,NULL,NULL,NULL,NULL,NULL,MB,London,All,S_13,EF_10,GF_07,NULL,ATC validation CP,Unknown,U,NM
2023,811164,NULL,Minor,1,01/04/2019,NULL,NM,NULL,B215,NULL,LA,TRAFALGAR AVENUE,NULL,NULL,NULL,533819,178016,NULL,NULL,NULL,NULL,N-S,2,1,2,20,NULL,NULL,5840,E09000028,Southwark,London,Counted,Counted,7055.865722,NULL,NULL,NULL,NULL,E12000007,NULL,NULL,NULL,NULL,LA,51.485271,-0.074114461,NULL,NULL,NULL,NULL,NULL,NULL,NULL,NULL,MB,London,All,S_13,EF_10,GF_07,NULL,Annual sample CP,Non-CDS,U,NM
2023,811198,NULL,Minor,1,01/04/2019,NULL,NM,NULL,U,NULL,LA,SKY PEALS ROAD,NULL,NULL,NULL,538823,191091,NULL,NULL,NULL,NULL,E-W,2,1,2,20,NULL,NULL,5930,E09000031,Waltham Forest,London,Counted,Counted,437.862721,NULL,NULL,NULL,NULL,E12000007,NULL,NULL,NULL,NULL,LA,51.601557,0.003060517,NULL,NULL,NULL,NULL,NULL,NULL,NULL,NULL,MCU,London,All,S_14,EF_10,GF_08,NULL,Annual sample CP,Non-CDS,U,NM
2023,811214,NULL,Minor,1,01/04/2019,NULL,NM,NULL,U,NULL,LA,TOLLERS LANE,NULL,NULL,NULL,531286,157387,NULL,NULL,NULL,NULL,E-W,2,1,2,20,NULL,NULL,5240,E09000008,Croydon,London,Counted,Counted,1705.143529,NULL,NULL,NULL,NULL,E12000007,NULL,NULL,NULL,NULL,LA,51.300477,-0.11819604,NULL,NULL,NULL,NULL,NULL,NULL,NULL,NULL,MCU,All,All,S_18,EF_09,GF_10,NULL,Annual sample CP,Non-CDS,R,NM
2023,811215,NULL,Minor,1,01/04/2019,NULL,NM,NULL,U,NULL,LA,HATHERLEY ROAD,NULL,NULL,NULL,546351,172239,NULL,NULL,NULL,NULL,N-S,2,1,2,30,NULL,NULL,5120,E09000004,Bexley,London,Counted,Counted,2819.100619,NULL,NULL,NULL,NULL,E12000007,NULL,NULL,NULL,NULL,LA,51.430261,0.10385903,NULL,NULL,NULL,NULL,NULL,NULL,NULL,NULL,MCU,London,All,S_14,EF_10,GF_08,NULL,Annual sample CP,Non-CDS,U,NM
2023,811231,NULL,Minor,1,01/04/2019,NULL,NM,NULL,U,NULL,LA,SWAKELEYS DRIVE,NULL,NULL,NULL,507177,185552,NULL,NULL,NULL,NULL,E-W,2,1,2,30,NULL,NULL,5510,E09000017,Hillingdon,London,Counted,Counted,4260.832022,NULL,NULL,NULL,NULL,E12000007,NULL,NULL,NULL,NULL,LA,51.558678,-0.45535746,NULL,NULL,NULL,NULL,NULL,NULL,NULL,NULL,MCU,London,All,S_14,EF_10,GF_08,NULL,Annual sample CP,Non-CDS,U,NM
2023,811912,NULL,Minor,1,01/04/2019,NULL,NM,NULL,C,NULL,LA,HARMONDSWORTH RD,NULL,NULL,NULL,506371,178304,NULL,NULL,NULL,NULL,N-S,2,1,2,30,NULL,NULL,5510,E09000017,Hillingdon,London,Counted,Counted,9413.831142,NULL,NULL,NULL,NULL,E12000007,NULL,NULL,NULL,NULL,LA,51.493683,-0.46916585,NULL,NULL,NULL,NULL,NULL,NULL,NULL,NULL,MCU,All,All,S_18,EF_09,GF_10,NULL,Annual sample CP,Non-CDS,R,NM
2023,811058,NULL,Minor,1,01/04/2019,NULL,NM,NULL,U,NULL,LA,OLD CHURCH STREET,NULL,NULL,NULL,527023,177704,NULL,NULL,NULL,NULL,S,1,1,1,20,NULL,NULL,5600,E09000020,Kensington and Chelsea,London,Counted,Counted,3084.951324,NULL,NULL,NULL,NULL,E12000007,NULL,NULL,NULL,NULL,LA,51.484033,-0.1720484,NULL,NULL,NULL,NULL,NULL,NULL,NULL,NULL,MCU,London,All,S_14,EF_10,GF_08,NULL,Annual sample CP,Non-CDS,U,NM
2023,811108,NULL,Minor,1,01/04/2019,NULL,NM,NULL,U,NULL,LA,FRANKLAND ROAD,NULL,NULL,NULL,537125,192484,NULL,NULL,NULL,NULL,E-W,2,1,2,20,NULL,NULL,5930,E09000031,Waltham Forest,London,Counted,Counted,1230.977735,NULL,NULL,NULL,NULL,E12000007,NULL,NULL,NULL,NULL,LA,51.61449,-0.020896629,NULL,NULL,NULL,NULL,NULL,NULL,NULL,NULL,MCU,London,All,S_14,EF_10,GF_08,NULL,Annual sample CP,Non-CDS,U,NM
2023,811124,NULL,Minor,1,01/04/2019,NULL,NM,NULL,U,NULL,LA,THE RIDGEWAY,NULL,NULL,NULL,527680,192643,NULL,NULL,NULL,NULL,E-W,2,1,2,20,NULL,NULL,5090,E09000003,Barnet,London,Counted,Counted,1686.594301,NULL,NULL,NULL,NULL,E12000007,NULL,NULL,NULL,NULL,LA,51.618138,-0.15717434,NULL,NULL,NULL,NULL,NULL,NULL,NULL,NULL,MCU,London,All,S_14,EF_10,GF_08,NULL,Annual sample CP,Non-CDS,U,NM
2023,811125,NULL,Minor,1,01/04/2019,NULL,NM,NULL,U,NULL,LA,CHURCH VALE,NULL,NULL,NULL,535526,172813,NULL,NULL,NULL,NULL,E,1,1,1,20,NULL,NULL,5690,E09000023,Lewisham,London,Counted,Counted,265.283851,NULL,NULL,NULL,NULL,E12000007,NULL,NULL,NULL,NULL,LA,51.438109,-0.051537741,NULL,NULL,NULL,NULL,NULL,NULL,NULL,NULL,MCU,London,All,S_14,EF_10,GF_08,NULL,Annual sample CP,Non-CDS,U,NM
2023,811158,NULL,Minor,1,01/04/2019,NULL,NM,NULL,U,NULL,LA,PRINCE CHARLES DRIVE,NULL,NULL,NULL,523479,188044,NULL,NULL,NULL,NULL,N-S,2,1,2,30,NULL,NULL,5090,E09000003,Barnet,London,Counted,Counted,12225.28139,NULL,NULL,NULL,NULL,E12000007,NULL,NULL,NULL,NULL,LA,51.577744,-0.2194391,NULL,NULL,NULL,NULL,NULL,NULL,NULL,NULL,MCU,London,All,S_14,EF_10,GF_08,NULL,Annual sample CP,Non-CDS,U,NM
2023,900114,NULL,Minor,1,01/04/2020,NULL,NM,NULL,C,NULL,LA,Hare and Billet Road ,NULL,NULL,NULL,538997,176370,NULL,NULL,NULL,NULL,E-W,2,1,2,0,NULL,NULL,5690,E09000023,Lewisham,London,N/A,N/A,7095,NULL,NULL,NULL,NULL,E12000007,NULL,NULL,NULL,NULL,LA,51.469233,-0.000235296,NULL,NULL,NULL,NULL,NULL,NULL,NULL,NULL,MCU,London,All,S_14,EF_10,GF_08,NULL,ATC validation CP,Unknown,U,NM
2023,942488,NULL,Minor,1,01/04/2020,NULL,NM,NULL,U,NULL,LA,NULL,NULL,NULL,NULL,530376,184759,NULL,NULL,NULL,NULL,N-S,2,1,2,0,NULL,NULL,5570,E09000019,Islington,London,N/A,N/A,9561,NULL,NULL,NULL,NULL,E12000007,NULL,NULL,NULL,NULL,LA,51.546672,-0.12118008,NULL,NULL,NULL,NULL,NULL,NULL,NULL,NULL,MCU,London,All,S_14,EF_10,GF_08,NULL,ATC validation CP,Unknown,U,NM
2023,942595,NULL,Minor,1,01/04/2020,NULL,NM,NULL,B,NULL,LA,WINDMILL LANE,NULL,NULL,NULL,515057,178940,NULL,NULL,NULL,NULL,E-W,2,1,2,30,NULL,NULL,5270,E09000009,Ealing,London,N/A,N/A,14263.11968,NULL,NULL,NULL,NULL,E12000007,NULL,NULL,NULL,NULL,LA,51.497701,-0.34389488,NULL,NULL,NULL,NULL,NULL,NULL,NULL,NULL,MB,London,All,S_13,EF_10,GF_07,NULL,ATC validation CP,Unknown,U,NM
2023,810957,NULL,Minor,1,01/04/2019,NULL,NM,NULL,B212,NULL,LA,LEE ROAD,NULL,NULL,NULL,539721,175413,NULL,NULL,NULL,NULL,N-S,2,1,2,20,NULL,NULL,5690,E09000023,Lewisham,London,Counted,Counted,9653.205619,NULL,NULL,NULL,NULL,E12000007,NULL,NULL,NULL,NULL,LA,51.460455,0.009803434,NULL,NULL,NULL,NULL,NULL,NULL,NULL,NULL,MB,London,All,S_13,EF_10,GF_07,NULL,Annual sample CP,Non-CDS,U,NM
2023,811025,NULL,Minor,1,01/04/2019,NULL,NM,NULL,U,NULL,LA,ABERCORN ROAD,NULL,NULL,NULL,524521,191069,NULL,NULL,NULL,NULL,W,1,1,1,30,NULL,NULL,5090,E09000003,Barnet,London,Counted,Counted,990.578342,NULL,NULL,NULL,NULL,E12000007,NULL,NULL,NULL,NULL,LA,51.6047,-0.20333737,NULL,NULL,NULL,NULL,NULL,NULL,NULL,NULL,MCU,London,All,S_14,EF_10,GF_08,NULL,Annual sample CP,Non-CDS,U,NM
2023,811159,NULL,Minor,1,01/04/2019,NULL,NM,NULL,U,NULL,LA,ANCASTER STREET,NULL,NULL,NULL,545286,177331,NULL,NULL,NULL,NULL,N-S,2,1,2,20,NULL,NULL,5330,E09000011,Greenwich,London,Counted,Counted,427.464004,NULL,NULL,NULL,NULL,E12000007,NULL,NULL,NULL,NULL,LA,51.476289,0.090639556,NULL,NULL,NULL,NULL,NULL,NULL,NULL,NULL,MCU,London,All,S_14,EF_10,GF_08,NULL,Annual sample CP,Non-CDS,U,NM
2023,811174,NULL,Minor,1,01/04/2019,NULL,NM,NULL,U,NULL,LA,KINGSMEAD AVENUE,NULL,NULL,NULL,522815,165401,NULL,NULL,NULL,NULL,N-S,2,1,2,20,NULL,NULL,5870,E09000029,Sutton,London,Counted,Counted,1050.577305,NULL,NULL,NULL,NULL,E12000007,NULL,NULL,NULL,NULL,LA,51.374391,-0.23688055,NULL,NULL,NULL,NULL,NULL,NULL,NULL,NULL,MCU,London,All,S_14,EF_10,GF_08,NULL,Annual sample CP,Non-CDS,U,NM
2023,811176,NULL,Minor,1,01/04/2019,NULL,NM,NULL,U,NULL,LA,BURNS AVENUE,NULL,NULL,NULL,510451,174247,NULL,NULL,NULL,NULL,E-W,2,1,2,20,NULL,NULL,5540,E09000018,Hounslow,London,Grown,Grown,629.988697,NULL,NULL,NULL,NULL,E12000007,NULL,NULL,NULL,NULL,LA,51.456437,-0.41168612,NULL,NULL,NULL,NULL,NULL,NULL,NULL,NULL,MCU,London,All,S_14,EF_10,GF_08,NULL,Annual sample CP,Non-CDS,U,NM
2023,811209,NULL,Minor,1,01/04/2019,NULL,NM,NULL,U,NULL,LA,NEWMARKET AVENUE,NULL,NULL,NULL,513560,185161,NULL,NULL,NULL,NULL,E-W,2,1,2,20,NULL,NULL,5270,E09000009,Ealing,London,Counted,Counted,1321.049788,NULL,NULL,NULL,NULL,E12000007,NULL,NULL,NULL,NULL,LA,51.553916,-0.36344759,NULL,NULL,NULL,NULL,NULL,NULL,NULL,NULL,MCU,London,All,S_14,EF_10,GF_08,NULL,Annual sample CP,Non-CDS,U,NM
2023,804464,NULL,Minor,1,01/04/2018,NULL,NM,NULL,U,NULL,LA,LYTTON ROAD,NULL,NULL,NULL,539110,187965,NULL,NULL,NULL,NULL,N-S,2,1,2,20,NULL,NULL,5930,E09000031,Waltham Forest,London,Grown,Grown,374.017145,NULL,NULL,NULL,NULL,E12000007,NULL,NULL,NULL,NULL,LA,51.573397,0.005964028,NULL,NULL,NULL,NULL,NULL,NULL,NULL,NULL,MCU,London,All,S_14,EF_10,GF_08,NULL,Annual sample CP,Non-CDS,U,NM
2023,804465,NULL,Minor,1,01/04/2018,NULL,NM,NULL,U,NULL,LA,OAK HILL,NULL,NULL,NULL,538865,191357,NULL,NULL,NULL,NULL,E-W,2,1,2,30,NULL,NULL,5930,E09000031,Waltham Forest,London,Counted,Counted,3536.710116,NULL,NULL,NULL,NULL,E12000007,NULL,NULL,NULL,NULL,LA,51.603937,0.003771783,NULL,NULL,NULL,NULL,NULL,NULL,NULL,NULL,MCU,London,All,S_14,EF_10,GF_08,NULL,Annual sample CP,Non-CDS,U,NM
2023,804466,NULL,Minor,1,01/04/2018,NULL,NM,NULL,U,NULL,LA,STIRLING ROAD,NULL,NULL,NULL,536171,189804,NULL,NULL,NULL,NULL,N-S,2,1,2,20,NULL,NULL,5930,E09000031,Waltham Forest,London,Counted,Counted,453.741056,NULL,NULL,NULL,NULL,E12000007,NULL,NULL,NULL,NULL,LA,51.590639,-0.035706137,NULL,NULL,NULL,NULL,NULL,NULL,NULL,NULL,MCU,London,All,S_14,EF_10,GF_08,NULL,Annual sample CP,Non-CDS,U,NM
2023,806280,NULL,Minor,1,01/04/2018,NULL,NM,NULL,C,NULL,LA,Shepherd's Hill,NULL,NULL,NULL,555726,190386,NULL,NULL,NULL,NULL,E-W,2,1,2,30,NULL,NULL,5480,E09000016,Havering,London,Counted,Counted,9888.345597,NULL,NULL,NULL,NULL,E12000007,NULL,NULL,NULL,NULL,LA,51.590807,0.24661817,NULL,NULL,NULL,NULL,NULL,NULL,NULL,NULL,MCU,All,All,S_18,EF_09,GF_10,NULL,Annual sample CP,Non-CDS,R,NM
2023,804528,NULL,Minor,1,01/04/2018,NULL,NM,NULL,C,NULL,LA,BLOMFIELD RD,NULL,NULL,NULL,525909,181935,NULL,NULL,NULL,NULL,E-W,2,1,2,20,NULL,NULL,5990,E09000033,Westminster,London,Counted,Counted,1427.807587,NULL,NULL,NULL,NULL,E12000007,NULL,NULL,NULL,NULL,LA,51.522306,-0.18657435,NULL,NULL,NULL,NULL,NULL,NULL,NULL,NULL,MCU,London,All,S_14,EF_10,GF_08,NULL,Annual sample CP,Non-CDS,U,NM
2023,805381,NULL,Minor,1,01/04/2018,NULL,NM,NULL,U,NULL,LA,Church Lane,NULL,NULL,NULL,518506,163534,NULL,NULL,NULL,NULL,E-W,2,1,2,20,NULL,NULL,5630,E09000021,Kingston upon Thames,London,Counted,Counted,4571.975867,NULL,NULL,NULL,NULL,E12000007,NULL,NULL,NULL,NULL,LA,51.358526,-0.29938068,NULL,NULL,NULL,NULL,NULL,NULL,NULL,NULL,MCU,London,All,S_14,EF_10,GF_08,NULL,Annual sample CP,Non-CDS,U,NM
2023,803783,NULL,Minor,1,01/04/2018,NULL,NM,NULL,U,NULL,LA,DARTMOUTH ROW,NULL,NULL,NULL,538408,176635,NULL,NULL,NULL,NULL,N-S,2,1,2,20,NULL,NULL,5690,E09000023,Lewisham,London,Counted,Counted,176.736054,NULL,NULL,NULL,NULL,E12000007,NULL,NULL,NULL,NULL,LA,51.471758,-0.008605985,NULL,NULL,NULL,NULL,NULL,NULL,NULL,NULL,MCU,London,All,S_14,EF_10,GF_08,NULL,Annual sample CP,Non-CDS,U,NM
2023,804462,NULL,Minor,1,01/04/2018,NULL,NM,NULL,U,NULL,LA,HAMPTON ROAD,NULL,NULL,NULL,537248,192345,NULL,NULL,NULL,NULL,E-W,2,1,2,20,NULL,NULL,5930,E09000031,Waltham Forest,London,Counted,Counted,793.247204,NULL,NULL,NULL,NULL,E12000007,NULL,NULL,NULL,NULL,LA,51.613211,-0.019175662,NULL,NULL,NULL,NULL,NULL,NULL,NULL,NULL,MCU,London,All,S_14,EF_10,GF_08,NULL,Annual sample CP,Non-CDS,U,NM
2023,803374,NULL,Minor,1,01/04/2018,NULL,NM,NULL,U,NULL,LA,SOUTH STREET,NULL,NULL,NULL,535904,195584,NULL,NULL,NULL,NULL,E-W,2,1,2,30,NULL,NULL,5300,E09000010,Enfield,London,Grown,Grown,6633.900766,NULL,NULL,NULL,NULL,E12000007,NULL,NULL,NULL,NULL,LA,51.642642,-0.037318392,NULL,NULL,NULL,NULL,NULL,NULL,NULL,NULL,MCU,London,All,S_14,EF_10,GF_08,NULL,Annual sample CP,Non-CDS,U,NM
2023,803442,NULL,Minor,1,01/04/2018,NULL,NM,NULL,U,NULL,LA,Broad Walk,NULL,NULL,NULL,542643,176503,NULL,NULL,NULL,NULL,E-W,2,1,2,20,NULL,NULL,5330,E09000011,Greenwich,London,Counted,Counted,2601.782333,NULL,NULL,NULL,NULL,E12000007,NULL,NULL,NULL,NULL,LA,51.469521,0.05227448,NULL,NULL,NULL,NULL,NULL,NULL,NULL,NULL,MCU,London,All,S_14,EF_10,GF_08,NULL,Annual sample CP,Non-CDS,U,NM
2023,804530,NULL,Minor,1,01/04/2018,NULL,NM,NULL,U,NULL,LA,BERKELEY STREET,NULL,NULL,NULL,528969,180418,NULL,NULL,NULL,NULL,S,1,1,2,30,NULL,NULL,5990,E09000033,Westminster,London,Counted,Counted,5683.607489,NULL,NULL,NULL,NULL,E12000007,NULL,NULL,NULL,NULL,LA,51.507983,-0.14304748,NULL,NULL,NULL,NULL,NULL,NULL,NULL,NULL,MCU,London,All,S_14,EF_10,GF_08,NULL,Annual sample CP,Non-CDS,U,NM
2023,804081,NULL,Minor,1,01/04/2018,NULL,NM,NULL,U,NULL,LA,WALDEGRAVE PARK,NULL,NULL,NULL,516110,171867,NULL,NULL,NULL,NULL,E-W,2,1,2,20,NULL,NULL,5810,E09000027,Richmond upon Thames,London,Counted,Counted,2059.312707,NULL,NULL,NULL,NULL,E12000007,NULL,NULL,NULL,NULL,LA,51.433916,-0.33105327,NULL,NULL,NULL,NULL,NULL,NULL,NULL,NULL,MCU,London,All,S_14,EF_10,GF_08,NULL,Annual sample CP,Non-CDS,U,NM
2023,804377,NULL,Minor,1,01/04/2018,NULL,NM,NULL,U,NULL,LA,TITCHFIELD ROAD,NULL,NULL,NULL,527002,166537,NULL,NULL,NULL,NULL,N-S,2,1,2,30,NULL,NULL,5870,E09000029,Sutton,London,Counted,Counted,224.248735,NULL,NULL,NULL,NULL,E12000007,NULL,NULL,NULL,NULL,LA,51.38368,-0.17635156,NULL,NULL,NULL,NULL,NULL,NULL,NULL,NULL,MCU,London,All,S_14,EF_10,GF_08,NULL,Annual sample CP,Non-CDS,U,NM
2023,803512,NULL,Minor,1,01/04/2018,NULL,NM,NULL,U,NULL,LA,MOLLISON WAY,NULL,NULL,NULL,518803,190022,NULL,NULL,NULL,NULL,E-W,2,1,2,30,NULL,NULL,5450,E09000015,Harrow,London,Counted,Counted,5505.385142,NULL,NULL,NULL,NULL,E12000007,NULL,NULL,NULL,NULL,LA,51.596525,-0.28621771,NULL,NULL,NULL,NULL,NULL,NULL,NULL,NULL,MCU,London,All,S_14,EF_10,GF_08,NULL,Annual sample CP,Non-CDS,U,NM
2023,803513,NULL,Minor,1,01/04/2018,NULL,NM,NULL,U,NULL,LA,DENNIS LANE,NULL,NULL,NULL,516695,193084,NULL,NULL,NULL,NULL,N-S,2,1,2,30,NULL,NULL,5450,E09000015,Harrow,London,Counted,Counted,5293.312488,NULL,NULL,NULL,NULL,E12000007,NULL,NULL,NULL,NULL,LA,51.624484,-0.31561869,NULL,NULL,NULL,NULL,NULL,NULL,NULL,NULL,MCU,London,All,S_14,EF_10,GF_08,NULL,Annual sample CP,Non-CDS,U,NM
2023,803529,NULL,Minor,1,01/04/2018,NULL,NM,NULL,U,NULL,LA,LODGE LANE,NULL,NULL,NULL,549214,191377,NULL,NULL,NULL,NULL,N-S,2,1,2,30,NULL,NULL,5480,E09000016,Havering,London,Counted,Counted,5191.780581,NULL,NULL,NULL,NULL,E12000007,NULL,NULL,NULL,NULL,LA,51.601472,0.153107,NULL,NULL,NULL,NULL,NULL,NULL,NULL,NULL,MCU,London,All,S_14,EF_10,GF_08,NULL,Annual sample CP,Non-CDS,U,NM
2023,803530,NULL,Minor,1,01/04/2018,NULL,NM,NULL,C,NULL,LA,UPPER BRENTWOOD ROAD,NULL,NULL,NULL,553302,190234,NULL,NULL,NULL,NULL,N-S,2,1,2,30,NULL,NULL,5480,E09000016,Havering,London,Counted,Counted,12215.91226,NULL,NULL,NULL,NULL,E12000007,NULL,NULL,NULL,NULL,LA,51.590106,0.21158798,NULL,NULL,NULL,NULL,NULL,NULL,NULL,NULL,MCU,London,All,S_14,EF_10,GF_08,NULL,Annual sample CP,Non-CDS,U,NM
2023,803563,NULL,Minor,1,01/04/2018,NULL,NM,NULL,U,NULL,LA,COURT DRIVE,NULL,NULL,NULL,507137,183669,NULL,NULL,NULL,NULL,E-W,2,1,2,30,NULL,NULL,5510,E09000017,Hillingdon,London,Counted,Counted,2068.744911,NULL,NULL,NULL,NULL,E12000007,NULL,NULL,NULL,NULL,LA,51.541761,-0.45650711,NULL,NULL,NULL,NULL,NULL,NULL,NULL,NULL,MCU,London,All,S_14,EF_10,GF_08,NULL,Annual sample CP,Non-CDS,U,NM
2023,803630,NULL,Minor,1,01/04/2018,NULL,NM,NULL,U,NULL,LA,ELMBRIDGE AVENUE,NULL,NULL,NULL,520334,167009,NULL,NULL,NULL,NULL,N-S,2,1,2,30,NULL,NULL,5630,E09000021,Kingston upon Thames,London,Counted,Counted,4108.055739,NULL,NULL,NULL,NULL,E12000007,NULL,NULL,NULL,NULL,LA,51.389374,-0.27196376,NULL,NULL,NULL,NULL,NULL,NULL,NULL,NULL,MCU,London,All,S_14,EF_10,GF_08,NULL,Annual sample CP,Non-CDS,U,NM
2023,803459,NULL,Minor,1,01/04/2018,NULL,NM,NULL,U,NULL,LA,AUSTRALIA ROAD,NULL,NULL,NULL,522750,180888,NULL,NULL,NULL,NULL,E-W,2,1,2,20,NULL,NULL,5390,E09000013,Hammersmith and Fulham,London,Counted,Counted,577.902031,NULL,NULL,NULL,NULL,E12000007,NULL,NULL,NULL,NULL,LA,51.51357,-0.23280917,NULL,NULL,NULL,NULL,NULL,NULL,NULL,NULL,MCU,London,All,S_14,EF_10,GF_08,NULL,Annual sample CP,Non-CDS,U,NM
2023,803509,NULL,Minor,1,01/04/2018,NULL,NM,NULL,C,NULL,LA,WOLSELEY ROAD,NULL,NULL,NULL,529667,188489,NULL,NULL,NULL,NULL,E-W,2,1,2,20,NULL,NULL,5420,E09000014,Haringey,London,Counted,Counted,5305.293756,NULL,NULL,NULL,NULL,E12000007,NULL,NULL,NULL,NULL,LA,51.580355,-0.13002436,NULL,NULL,NULL,NULL,NULL,NULL,NULL,NULL,MCU,London,All,S_14,EF_10,GF_08,NULL,Annual sample CP,Non-CDS,U,NM
2023,803566,NULL,Minor,1,01/04/2018,NULL,NM,NULL,U,NULL,LA,ROYAL LANE,NULL,NULL,NULL,506899,182344,NULL,NULL,NULL,NULL,N-S,2,1,2,30,NULL,NULL,5510,E09000017,Hillingdon,London,Grown,Grown,3531.329236,NULL,NULL,NULL,NULL,E12000007,NULL,NULL,NULL,NULL,LA,51.529896,-0.46033955,NULL,NULL,NULL,NULL,NULL,NULL,NULL,NULL,MCU,London,All,S_14,EF_10,GF_08,NULL,Annual sample CP,Non-CDS,U,NM
2023,802956,NULL,Minor,1,01/04/2018,NULL,NM,NULL,U,NULL,LA,CHURCH MANORWAY,NULL,NULL,NULL,550560,179467,NULL,NULL,NULL,NULL,N-S,2,1,2,30,NULL,NULL,5120,E09000004,Bexley,London,Grown,Grown,2832.456189,NULL,NULL,NULL,NULL,E12000007,NULL,NULL,NULL,NULL,LA,51.494104,0.1674346,NULL,NULL,NULL,NULL,NULL,NULL,NULL,NULL,MCU,London,All,S_14,EF_10,GF_08,NULL,Annual sample CP,Non-CDS,U,NM
2023,803065,NULL,Minor,1,01/04/2018,NULL,NM,NULL,C,NULL,LA,CHAMBERLAYNE ROAD,NULL,NULL,NULL,523438,183514,NULL,NULL,NULL,NULL,N-S,2,1,2,20,NULL,NULL,5150,E09000005,Brent,London,Counted,Counted,10641.5647,NULL,NULL,NULL,NULL,E12000007,NULL,NULL,NULL,NULL,LA,51.537041,-0.22161917,NULL,NULL,NULL,NULL,NULL,NULL,NULL,NULL,MCU,London,All,S_14,EF_10,GF_08,NULL,Annual sample CP,Non-CDS,U,NM
2023,803578,NULL,Minor,1,01/04/2018,NULL,NM,NULL,U,NULL,LA,BROWELLS LANE,NULL,NULL,NULL,511157,172885,NULL,NULL,NULL,NULL,N-S,2,1,2,20,NULL,NULL,5540,E09000018,Hounslow,London,Counted,Counted,11301.31123,NULL,NULL,NULL,NULL,E12000007,NULL,NULL,NULL,NULL,LA,51.444058,-0.40195646,NULL,NULL,NULL,NULL,NULL,NULL,NULL,NULL,MCU,London,All,S_14,EF_10,GF_08,NULL,Annual sample CP,Non-CDS,U,NM
2023,803660,NULL,Minor,1,01/04/2018,NULL,NM,NULL,U,NULL,LA,ROBSON ROAD,NULL,NULL,NULL,532187,172293,NULL,NULL,NULL,NULL,E-W,2,1,2,20,NULL,NULL,5660,E09000022,Lambeth,London,Grown,Grown,2592.962175,NULL,NULL,NULL,NULL,E12000007,NULL,NULL,NULL,NULL,LA,51.434225,-0.099742098,NULL,NULL,NULL,NULL,NULL,NULL,NULL,NULL,MCU,London,All,S_14,EF_10,GF_08,NULL,Annual sample CP,Non-CDS,U,NM
2023,804417,NULL,Minor,1,01/04/2018,NULL,NM,NULL,U,NULL,LA,HANCOCK ROAD,NULL,NULL,NULL,538095,182724,NULL,NULL,NULL,NULL,S,1,1,1,20,NULL,NULL,5900,E09000030,Tower Hamlets,London,Counted,Counted,3518.207712,NULL,NULL,NULL,NULL,E12000007,NULL,NULL,NULL,NULL,LA,51.526551,-0.01072845,NULL,NULL,NULL,NULL,NULL,NULL,NULL,NULL,MCU,London,All,S_14,EF_10,GF_08,NULL,Annual sample CP,Non-CDS,U,NM
2023,803855,NULL,Minor,1,01/04/2018,NULL,NM,NULL,U,NULL,LA,THE DRIVE,NULL,NULL,NULL,526552,167668,NULL,NULL,NULL,NULL,N-S,2,1,2,20,NULL,NULL,5720,E09000024,Merton,London,Counted,Counted,3549.857521,NULL,NULL,NULL,NULL,E12000007,NULL,NULL,NULL,NULL,LA,51.393945,-0.18241189,NULL,NULL,NULL,NULL,NULL,NULL,NULL,NULL,MCU,London,All,S_14,EF_10,GF_08,NULL,Annual sample CP,Non-CDS,U,NM
2023,803856,NULL,Minor,1,01/04/2018,NULL,NM,NULL,U,NULL,LA,WOODSIDE,NULL,NULL,NULL,524778,171010,NULL,NULL,NULL,NULL,E-W,2,1,2,20,NULL,NULL,5720,E09000024,Merton,London,Grown,Grown,3838.625247,NULL,NULL,NULL,NULL,E12000007,NULL,NULL,NULL,NULL,LA,51.424373,-0.206722,NULL,NULL,NULL,NULL,NULL,NULL,NULL,NULL,MCU,London,All,S_14,EF_10,GF_08,NULL,Annual sample CP,Non-CDS,U,NM
2023,803888,NULL,Minor,1,01/04/2018,NULL,NM,NULL,U,NULL,LA,VICTORIA DOCK ROAD,NULL,NULL,NULL,540287,180905,NULL,NULL,NULL,NULL,E-W,2,1,2,30,NULL,NULL,5750,E09000025,Newham,London,Grown,Grown,2897.247038,NULL,NULL,NULL,NULL,E12000007,NULL,NULL,NULL,NULL,LA,51.509666,0.020125244,NULL,NULL,NULL,NULL,NULL,NULL,NULL,NULL,MCU,London,All,S_14,EF_10,GF_08,NULL,Annual sample CP,Non-CDS,U,NM
2023,806135,NULL,Minor,1,01/04/2018,NULL,NM,NULL,C,NULL,LA,Hacton Lane,NULL,NULL,NULL,554940,185710,NULL,NULL,NULL,NULL,N-S,2,1,2,30,NULL,NULL,5480,E09000016,Havering,London,Grown,Grown,13278.40203,NULL,NULL,NULL,NULL,E12000007,NULL,NULL,NULL,NULL,LA,51.549012,0.23322087,NULL,NULL,NULL,NULL,NULL,NULL,NULL,NULL,MCU,All,All,S_18,EF_09,GF_10,NULL,Annual sample CP,Non-CDS,R,NM
2023,805528,NULL,Minor,1,01/04/2019,NULL,NM,NULL,B258,NULL,LA,CROCKENHILL ROAD,NULL,NULL,NULL,548039,167521,NULL,NULL,NULL,NULL,E-W,2,1,2,30,NULL,NULL,5180,E09000006,Bromley,London,Counted,Counted,2761.449301,NULL,NULL,NULL,NULL,E12000007,NULL,NULL,NULL,NULL,LA,51.387729,0.12306452,NULL,NULL,NULL,NULL,NULL,NULL,NULL,NULL,MB,London,All,S_13,EF_10,GF_07,NULL,Annual sample CP,Non-CDS,U,NM
2023,803231,NULL,Minor,1,01/04/2018,NULL,NM,NULL,U,NULL,LA,King Henry's Drive,NULL,NULL,NULL,539008,162237,NULL,NULL,NULL,NULL,N-S,2,1,2,30,NULL,NULL,5240,E09000008,Croydon,London,Counted,Counted,8504.482123,NULL,NULL,NULL,NULL,E12000007,NULL,NULL,NULL,NULL,LA,51.342229,-0.005610581,NULL,NULL,NULL,NULL,NULL,NULL,NULL,NULL,MCU,London,All,S_14,EF_10,GF_08,NULL,Annual sample CP,Non-CDS,U,NM
2023,803573,NULL,Minor,1,01/04/2018,NULL,NM,NULL,U,NULL,LA,BALFOUR ROAD,NULL,NULL,NULL,513633,175807,NULL,NULL,NULL,NULL,E-W,2,1,2,20,NULL,NULL,5540,E09000018,Hounslow,London,Counted,Counted,5076.148525,NULL,NULL,NULL,NULL,E12000007,NULL,NULL,NULL,NULL,LA,51.469829,-0.36540695,NULL,NULL,NULL,NULL,NULL,NULL,NULL,NULL,MCU,London,All,S_14,EF_10,GF_08,NULL,Annual sample CP,Non-CDS,U,NM
2023,803632,NULL,Minor,1,01/04/2018,NULL,NM,NULL,U,NULL,LA,HAZEL BANK,NULL,NULL,NULL,520141,165944,NULL,NULL,NULL,NULL,N-S,2,1,2,30,NULL,NULL,5630,E09000021,Kingston upon Thames,London,Counted,Counted,912.62219,NULL,NULL,NULL,NULL,E12000007,NULL,NULL,NULL,NULL,LA,51.379843,-0.27509609,NULL,NULL,NULL,NULL,NULL,NULL,NULL,NULL,MCU,London,All,S_14,EF_10,GF_08,NULL,Annual sample CP,Non-CDS,U,NM
2023,802953,NULL,Minor,1,01/04/2018,NULL,NM,NULL,U,NULL,LA,WALLHOUSE ROAD,NULL,NULL,NULL,552586,177088,NULL,NULL,NULL,NULL,E-W,2,1,2,30,NULL,NULL,5120,E09000004,Bexley,London,Counted,Counted,1174.927901,NULL,NULL,NULL,NULL,E12000007,NULL,NULL,NULL,NULL,LA,51.472186,0.19556932,NULL,NULL,NULL,NULL,NULL,NULL,NULL,NULL,MCU,London,All,S_14,EF_10,GF_08,NULL,Annual sample CP,Non-CDS,U,NM
2023,803086,NULL,Minor,1,01/04/2018,NULL,NM,NULL,U,NULL,LA,MORGAN ROAD,NULL,NULL,NULL,540105,170124,NULL,NULL,NULL,NULL,N-S,2,1,2,30,NULL,NULL,5180,E09000006,Bromley,London,Counted,Counted,618.758579,NULL,NULL,NULL,NULL,E12000007,NULL,NULL,NULL,NULL,LA,51.412833,0.013236317,NULL,NULL,NULL,NULL,NULL,NULL,NULL,NULL,MCU,London,All,S_14,EF_10,GF_08,NULL,Annual sample CP,Non-CDS,U,NM
2023,802927,NULL,Minor,1,01/04/2018,NULL,NM,NULL,U,NULL,LA,HAMPDEN WAY,NULL,NULL,NULL,528784,193772,NULL,NULL,NULL,NULL,N-S,2,1,2,30,NULL,NULL,5090,E09000003,Barnet,London,Counted,Counted,15415.99921,NULL,NULL,NULL,NULL,E12000007,NULL,NULL,NULL,NULL,LA,51.628033,-0.14082238,NULL,NULL,NULL,NULL,NULL,NULL,NULL,NULL,MCU,London,All,S_14,EF_10,GF_08,NULL,Annual sample CP,Non-CDS,U,NM
2023,803664,NULL,Minor,1,01/04/2018,NULL,NM,NULL,C,NULL,LA,LILFORD ROAD,NULL,NULL,NULL,531771,176319,NULL,NULL,NULL,NULL,E-W,2,1,2,20,NULL,NULL,5660,E09000022,Lambeth,London,Grown,Grown,2566.105607,NULL,NULL,NULL,NULL,E12000007,NULL,NULL,NULL,NULL,LA,51.470502,-0.10422495,NULL,NULL,NULL,NULL,NULL,NULL,NULL,NULL,MCU,London,All,S_14,EF_10,GF_08,NULL,Annual sample CP,Non-CDS,U,NM
2023,803347,NULL,Minor,1,01/04/2018,NULL,NM,NULL,U,NULL,LA,AINTREE ROAD,NULL,NULL,NULL,516833,183383,NULL,NULL,NULL,NULL,N-S,2,1,2,20,NULL,NULL,5270,E09000009,Ealing,London,Grown,Grown,8848.656343,NULL,NULL,NULL,NULL,E12000007,NULL,NULL,NULL,NULL,LA,51.537268,-0.31685046,NULL,NULL,NULL,NULL,NULL,NULL,NULL,NULL,MCU,London,All,S_14,EF_10,GF_08,NULL,Annual sample CP,Non-CDS,U,NM
2023,803447,NULL,Minor,1,01/04/2018,NULL,NM,NULL,C,NULL,LA,KENNINGHALL ROAD,NULL,NULL,NULL,534470,186172,NULL,NULL,NULL,NULL,E-W,2,1,2,20,NULL,NULL,5360,E09000012,Hackney,London,Grown,Grown,8218.915701,NULL,NULL,NULL,NULL,E12000007,NULL,NULL,NULL,NULL,LA,51.558409,-0.061634657,NULL,NULL,NULL,NULL,NULL,NULL,NULL,NULL,MCU,London,All,S_14,EF_10,GF_08,NULL,Annual sample CP,Non-CDS,U,NM
2023,803076,NULL,Minor,1,01/04/2018,NULL,NM,NULL,U,NULL,LA,WARREN ROAD,NULL,NULL,NULL,545889,164375,NULL,NULL,NULL,NULL,E-W,2,1,2,30,NULL,NULL,5180,E09000006,Bromley,London,Grown,Grown,2065.581423,NULL,NULL,NULL,NULL,E12000007,NULL,NULL,NULL,NULL,LA,51.359717,0.093988463,NULL,NULL,NULL,NULL,NULL,NULL,NULL,NULL,MCU,London,All,S_14,EF_10,GF_08,NULL,Annual sample CP,Non-CDS,U,NM
2023,803236,NULL,Minor,1,01/04/2018,NULL,NM,NULL,U,NULL,LA,HARTLEY DOWN,NULL,NULL,NULL,530794,160522,NULL,NULL,NULL,NULL,N-S,2,1,2,20,NULL,NULL,5240,E09000008,Croydon,London,Counted,Counted,4070.575316,NULL,NULL,NULL,NULL,E12000007,NULL,NULL,NULL,NULL,LA,51.328764,-0.12410046,NULL,NULL,NULL,NULL,NULL,NULL,NULL,NULL,MCU,London,All,S_14,EF_10,GF_08,NULL,Annual sample CP,Non-CDS,U,NM
2023,803060,NULL,Minor,1,01/04/2018,NULL,NM,NULL,C,NULL,LA,Tanfield Avenue,NULL,NULL,NULL,521876,186494,NULL,NULL,NULL,NULL,E-W,2,1,2,20,NULL,NULL,5150,E09000005,Brent,London,Counted,Counted,8504.060817,NULL,NULL,NULL,NULL,E12000007,NULL,NULL,NULL,NULL,LA,51.564162,-0.24309773,NULL,NULL,NULL,NULL,NULL,NULL,NULL,NULL,MCU,London,All,S_14,EF_10,GF_08,NULL,Annual sample CP,Non-CDS,U,NM
2023,803075,NULL,Minor,1,01/04/2018,NULL,NM,NULL,U,NULL,LA,ST PAUL'S WOOD HILL,NULL,NULL,NULL,545741,169529,NULL,NULL,NULL,NULL,E-W,2,1,2,30,NULL,NULL,5180,E09000006,Bromley,London,Counted,Counted,7957.111782,NULL,NULL,NULL,NULL,E12000007,NULL,NULL,NULL,NULL,LA,51.406067,0.093977264,NULL,NULL,NULL,NULL,NULL,NULL,NULL,NULL,MCU,London,All,S_14,EF_10,GF_08,NULL,Annual sample CP,Non-CDS,U,NM
2023,803514,NULL,Minor,1,01/04/2018,NULL,NM,NULL,U,NULL,LA,SHAFTESBURY AVENUE,NULL,NULL,NULL,513983,187458,NULL,NULL,NULL,NULL,N-S,2,1,2,30,NULL,NULL,5450,E09000015,Harrow,London,Counted,Counted,10448.66799,NULL,NULL,NULL,NULL,E12000007,NULL,NULL,NULL,NULL,LA,51.574475,-0.35660498,NULL,NULL,NULL,NULL,NULL,NULL,NULL,NULL,MCU,London,All,S_14,EF_10,GF_08,NULL,Annual sample CP,Non-CDS,U,NM
2023,803132,NULL,Minor,1,01/04/2018,NULL,NM,NULL,U,NULL,LA,FARRIER STREET,NULL,NULL,NULL,529013,184399,NULL,NULL,NULL,NULL,E-W,2,1,2,20,NULL,NULL,5210,E09000007,Camden,London,Counted,Counted,1681.215993,NULL,NULL,NULL,NULL,E12000007,NULL,NULL,NULL,NULL,LA,51.543749,-0.14095722,NULL,NULL,NULL,NULL,NULL,NULL,NULL,NULL,MCU,London,All,S_14,EF_10,GF_08,NULL,Annual sample CP,Non-CDS,U,NM
2023,803781,NULL,Minor,1,01/04/2018,NULL,NM,NULL,U,NULL,LA,CALMONT ROAD,NULL,NULL,NULL,539072,170523,NULL,NULL,NULL,NULL,N-S,2,1,2,20,NULL,NULL,5690,E09000023,Lewisham,London,Counted,Counted,2394.308124,NULL,NULL,NULL,NULL,E12000007,NULL,NULL,NULL,NULL,LA,51.416673,-0.001451481,NULL,NULL,NULL,NULL,NULL,NULL,NULL,NULL,MCU,London,All,S_14,EF_10,GF_08,NULL,Annual sample CP,Non-CDS,U,NM
2023,803890,NULL,Minor,1,01/04/2018,NULL,NM,NULL,U,NULL,LA,WINDMILL LANE,NULL,NULL,NULL,538832,184831,NULL,NULL,NULL,NULL,E-W,2,1,2,30,NULL,NULL,5750,E09000025,Newham,London,Counted,Counted,1146.632319,NULL,NULL,NULL,NULL,E12000007,NULL,NULL,NULL,NULL,LA,51.545303,0.000718712,NULL,NULL,NULL,NULL,NULL,NULL,NULL,NULL,MCU,London,All,S_14,EF_10,GF_08,NULL,Annual sample CP,Non-CDS,U,NM
2023,803232,NULL,Minor,1,01/04/2018,NULL,NM,NULL,U,NULL,LA,SUNDALE AVENUE,NULL,NULL,NULL,535781,162584,NULL,NULL,NULL,NULL,E-W,2,1,2,20,NULL,NULL,5240,E09000008,Croydon,London,Counted,Counted,1503.981157,NULL,NULL,NULL,NULL,E12000007,NULL,NULL,NULL,NULL,LA,51.346126,-0.051780171,NULL,NULL,NULL,NULL,NULL,NULL,NULL,NULL,MCU,London,All,S_14,EF_10,GF_08,NULL,Annual sample CP,Non-CDS,U,NM
2023,803341,NULL,Minor,1,01/04/2018,NULL,NM,NULL,U,NULL,LA,CREFFIELD ROAD,NULL,NULL,NULL,519118,180670,NULL,NULL,NULL,NULL,E-W,2,1,2,30,NULL,NULL,5270,E09000009,Ealing,London,Grown,Grown,4399.452972,NULL,NULL,NULL,NULL,E12000007,NULL,NULL,NULL,NULL,LA,51.512409,-0.2848366,NULL,NULL,NULL,NULL,NULL,NULL,NULL,NULL,MCU,London,All,S_14,EF_10,GF_08,NULL,Annual sample CP,Non-CDS,U,NM
2023,803375,NULL,Minor,1,01/04/2018,NULL,NM,NULL,U,NULL,LA,GREENWAY,NULL,NULL,NULL,530121,193670,NULL,NULL,NULL,NULL,N-S,2,1,2,30,NULL,NULL,5300,E09000010,Enfield,London,Counted,Counted,476.149129,NULL,NULL,NULL,NULL,E12000007,NULL,NULL,NULL,NULL,LA,51.626809,-0.12155539,NULL,NULL,NULL,NULL,NULL,NULL,NULL,NULL,MCU,London,All,S_14,EF_10,GF_08,NULL,Annual sample CP,Non-CDS,U,NM
2023,803346,NULL,Minor,1,01/04/2018,NULL,NM,NULL,U,NULL,LA,OLD OAK COMMON LANE,NULL,NULL,NULL,521597,180787,NULL,NULL,NULL,NULL,N,1,1,2,20,NULL,NULL,5270,E09000009,Ealing,London,Counted,Counted,9116.253608,NULL,NULL,NULL,NULL,E12000007,NULL,NULL,NULL,NULL,LA,51.512932,-0.24909028,NULL,NULL,NULL,NULL,NULL,NULL,NULL,NULL,MCU,London,All,S_14,EF_10,GF_08,NULL,Annual sample CP,Non-CDS,U,NM
2023,803378,NULL,Minor,1,01/04/2018,NULL,NM,NULL,U,NULL,LA,FAIRFIELD ROAD,NULL,NULL,NULL,534268,192491,NULL,NULL,NULL,NULL,E-W,2,1,2,20,NULL,NULL,5300,E09000010,Enfield,London,Counted,Counted,1851.172133,NULL,NULL,NULL,NULL,E12000007,NULL,NULL,NULL,NULL,LA,51.615241,-0.062131989,NULL,NULL,NULL,NULL,NULL,NULL,NULL,NULL,MCU,London,All,S_14,EF_10,GF_08,NULL,Annual sample CP,Non-CDS,U,NM
2023,803379,NULL,Minor,1,01/04/2018,NULL,NM,NULL,U,NULL,LA,WORLDS END LANE,NULL,NULL,NULL,530944,196328,NULL,NULL,NULL,NULL,N-S,2,1,2,20,NULL,NULL,5300,E09000010,Enfield,London,Counted,Counted,7020.021811,NULL,NULL,NULL,NULL,E12000007,NULL,NULL,NULL,NULL,LA,51.650504,-0.10867902,NULL,NULL,NULL,NULL,NULL,NULL,NULL,NULL,MCU,London,All,S_14,EF_10,GF_08,NULL,Annual sample CP,Non-CDS,U,NM
2023,802954,NULL,Minor,1,01/04/2018,NULL,NM,NULL,U,NULL,LA,BARNEHURST AVENUE,NULL,NULL,NULL,550349,176744,NULL,NULL,NULL,NULL,N-S,2,1,2,30,NULL,NULL,5120,E09000004,Bexley,London,Counted,Counted,3503.826551,NULL,NULL,NULL,NULL,E12000007,NULL,NULL,NULL,NULL,LA,51.469693,0.16323923,NULL,NULL,NULL,NULL,NULL,NULL,NULL,NULL,MCU,London,All,S_14,EF_10,GF_08,NULL,Annual sample CP,Non-CDS,U,NM
2023,802955,NULL,Minor,1,01/04/2018,NULL,NM,NULL,U,NULL,LA,LANSDOWN ROAD,NULL,NULL,NULL,546628,172311,NULL,NULL,NULL,NULL,N-S,2,1,2,30,NULL,NULL,5120,E09000004,Bexley,London,Counted,Counted,4013.617707,NULL,NULL,NULL,NULL,E12000007,NULL,NULL,NULL,NULL,LA,51.430837,0.10787054,NULL,NULL,NULL,NULL,NULL,NULL,NULL,NULL,MCU,London,All,S_14,EF_10,GF_08,NULL,Annual sample CP,Non-CDS,U,NM
2023,800674,NULL,Minor,1,01/04/2018,NULL,NM,NULL,C,NULL,LA,CLAY HILL,NULL,NULL,NULL,532537,198712,NULL,NULL,NULL,NULL,E-W,2,1,2,30,NULL,NULL,5300,E09000010,Enfield,London,Counted,Counted,8948.985767,NULL,NULL,NULL,NULL,E12000007,NULL,NULL,NULL,NULL,LA,51.671554,-0.084763767,NULL,NULL,NULL,NULL,NULL,NULL,NULL,NULL,MCU,All,All,S_18,EF_09,GF_10,NULL,Annual sample CP,Non-CDS,R,NM
2023,801284,NULL,Minor,1,01/04/2018,NULL,NM,NULL,C,NULL,LA,HAHA RD,NULL,NULL,NULL,543162,177909,NULL,NULL,NULL,NULL,E-W,2,1,2,30,NULL,NULL,5330,E09000011,Greenwich,London,Counted,Counted,14403.7517,NULL,NULL,NULL,NULL,E12000007,NULL,NULL,NULL,NULL,LA,51.482024,0.06031071,NULL,NULL,NULL,NULL,NULL,NULL,NULL,NULL,MCU,London,All,S_14,EF_10,GF_08,NULL,Annual sample CP,Non-CDS,U,NM
2023,801255,NULL,Minor,1,01/04/2018,NULL,NM,NULL,C,NULL,LA,EDGEHILL RD,NULL,NULL,NULL,531706,162513,NULL,NULL,NULL,NULL,E-W,2,1,2,20,NULL,NULL,5240,E09000008,Croydon,London,Counted,Counted,3754.027462,NULL,NULL,NULL,NULL,E12000007,NULL,NULL,NULL,NULL,LA,51.346312,-0.11084803,NULL,NULL,NULL,NULL,NULL,NULL,NULL,NULL,MCU,London,All,S_14,EF_10,GF_08,NULL,Annual sample CP,Non-CDS,U,NM
2023,800760,NULL,Minor,1,01/04/2018,NULL,NM,NULL,C,NULL,LA,PARK LN,NULL,NULL,NULL,504351,190800,NULL,NULL,NULL,NULL,E-W,2,1,2,30,NULL,NULL,5510,E09000017,Hillingdon,London,Counted,Counted,5005.740921,NULL,NULL,NULL,NULL,E12000007,NULL,NULL,NULL,NULL,LA,51.606377,-0.49454944,NULL,NULL,NULL,NULL,NULL,NULL,NULL,NULL,MCU,All,All,S_18,EF_09,GF_10,NULL,Annual sample CP,Non-CDS,R,NM
2023,804067,NULL,Minor,1,01/04/2018,NULL,NM,NULL,U,NULL,LA,FAIRLOP ROAD,NULL,NULL,NULL,544271,190213,NULL,NULL,NULL,NULL,W,1,1,2,20,NULL,NULL,5780,E09000026,Redbridge,London,Counted,Counted,851.549201,NULL,NULL,NULL,NULL,E12000007,NULL,NULL,NULL,NULL,LA,51.5923,0.081308276,NULL,NULL,NULL,NULL,NULL,NULL,NULL,NULL,MCU,London,All,S_14,EF_10,GF_08,NULL,Annual sample CP,Non-CDS,U,NM
2023,800183,NULL,Minor,1,01/04/2018,NULL,NM,NULL,B1453,NULL,LA,B1453,NULL,NULL,NULL,528056,194098,NULL,NULL,NULL,NULL,E-W,2,1,2,30,NULL,NULL,5090,E09000003,Barnet,London,Counted,Counted,14768.749,NULL,NULL,NULL,NULL,E12000007,NULL,NULL,NULL,NULL,LA,51.631129,-0.15121496,NULL,NULL,NULL,NULL,NULL,NULL,NULL,NULL,MB,London,All,S_13,EF_10,GF_07,NULL,Annual sample CP,Non-CDS,U,NM
2023,800078,NULL,Minor,1,01/04/2018,NULL,NM,NULL,B175,NULL,LA,B175,NULL,NULL,NULL,551260,193097,NULL,NULL,NULL,NULL,N-S,2,1,2,30,NULL,NULL,5480,E09000016,Havering,London,Counted,Counted,7513.985305,NULL,NULL,NULL,NULL,E12000007,NULL,NULL,NULL,NULL,LA,51.616381,0.18336775,NULL,NULL,NULL,NULL,NULL,NULL,NULL,NULL,MB,All,All,S_17,EF_09,GF_09,NULL,Annual sample CP,Non-CDS,R,NM
2023,800075,NULL,Minor,1,01/04/2018,NULL,NM,NULL,B186,NULL,LA,OCKENDON ROAD,NULL,NULL,NULL,559242,185150,NULL,NULL,NULL,NULL,N-S,2,1,2,30,NULL,NULL,5480,E09000016,Havering,London,Grown,Grown,9518.386771,NULL,NULL,NULL,NULL,E12000007,NULL,NULL,NULL,NULL,LA,51.542784,0.29496021,NULL,NULL,NULL,NULL,NULL,NULL,NULL,NULL,MB,All,All,S_17,EF_09,GF_09,NULL,Annual sample CP,Non-CDS,R,NM
2023,800076,NULL,Minor,1,01/04/2018,NULL,NM,NULL,B1335,NULL,LA,WENNINGTON ROAD,NULL,NULL,NULL,553270,181364,NULL,NULL,NULL,NULL,N-S,2,1,2,30,NULL,NULL,5480,E09000016,Havering,London,Counted,Counted,2182.942689,NULL,NULL,NULL,NULL,E12000007,NULL,NULL,NULL,NULL,LA,51.51042,0.207265,NULL,NULL,NULL,NULL,NULL,NULL,NULL,NULL,MB,All,All,S_17,EF_09,GF_09,NULL,Annual sample CP,Non-CDS,R,NM
2023,800142,NULL,Minor,1,01/04/2018,NULL,NM,NULL,B358,NULL,LA,B358,NULL,NULL,NULL,517145,169689,NULL,NULL,NULL,NULL,E-W,2,1,2,20,NULL,NULL,5810,E09000027,Richmond upon Thames,London,Counted,Counted,9639.890784,NULL,NULL,NULL,NULL,E12000007,NULL,NULL,NULL,NULL,LA,51.414127,-0.31689015,NULL,NULL,NULL,NULL,NULL,NULL,NULL,NULL,MB,All,All,S_17,EF_09,GF_09,NULL,Annual sample CP,Non-CDS,R,NM
2023,800083,NULL,Minor,1,01/04/2018,NULL,NM,NULL,B377,NULL,LA,B377,NULL,NULL,NULL,509373,172080,NULL,NULL,NULL,NULL,E-W,2,1,2,30,NULL,NULL,5540,E09000018,Hounslow,London,Counted,Counted,6573.921883,NULL,NULL,NULL,NULL,E12000007,NULL,NULL,NULL,NULL,LA,51.436158,-0.43155344,NULL,NULL,NULL,NULL,NULL,NULL,NULL,NULL,MB,All,All,S_17,EF_09,GF_09,NULL,Annual sample CP,Non-CDS,R,NM
2023,800205,NULL,Minor,1,01/04/2018,NULL,NM,NULL,B2030,NULL,LA,Coulsdon Road,NULL,NULL,NULL,530969,158436,NULL,NULL,NULL,NULL,N-S,2,1,2,30,NULL,NULL,5240,E09000008,Croydon,London,N/A,N/A,9006.05545,NULL,NULL,NULL,NULL,E12000007,NULL,NULL,NULL,NULL,LA,51.309977,-0.1223558,NULL,NULL,NULL,NULL,NULL,NULL,NULL,NULL,MB,London,All,S_13,EF_10,GF_07,NULL,ATC validation CP,NULL,U,NM
2023,800276,NULL,Minor,1,01/04/2018,NULL,NM,NULL,B350,NULL,LA,B350,NULL,NULL,NULL,522297,177814,NULL,NULL,NULL,NULL,E-W,2,1,2,20,NULL,NULL,5810,E09000027,Richmond upon Thames,London,Counted,Counted,3504.005953,NULL,NULL,NULL,NULL,E12000007,NULL,NULL,NULL,NULL,LA,51.486063,-0.24003743,NULL,NULL,NULL,NULL,NULL,NULL,NULL,NULL,MB,All,All,S_17,EF_09,GF_09,NULL,Annual sample CP,Non-CDS,R,NM
2023,800303,NULL,Minor,1,01/04/2018,NULL,NM,NULL,B142,NULL,LA,B142,NULL,NULL,NULL,537241,183253,NULL,NULL,NULL,NULL,N-S,2,1,2,20,NULL,NULL,5900,E09000030,Tower Hamlets,London,Counted,Counted,3147.456283,NULL,NULL,NULL,NULL,E12000007,NULL,NULL,NULL,NULL,LA,51.531512,-0.022825163,NULL,NULL,NULL,NULL,NULL,NULL,NULL,NULL,MB,London,All,S_13,EF_10,GF_07,NULL,Annual sample CP,Non-CDS,U,NM
2023,803230,NULL,Minor,1,01/04/2018,NULL,NM,NULL,U,NULL,LA,WOODCOTE VALLEY ROAD,NULL,NULL,NULL,530251,161098,NULL,NULL,NULL,NULL,E-W,2,1,2,20,NULL,NULL,5240,E09000008,Croydon,London,Counted,Counted,5175.534048,NULL,NULL,NULL,NULL,E12000007,NULL,NULL,NULL,NULL,LA,51.334065,-0.13167927,NULL,NULL,NULL,NULL,NULL,NULL,NULL,NULL,MCU,London,All,S_14,EF_10,GF_08,NULL,Annual sample CP,Non-CDS,U,NM
2023,803239,NULL,Minor,1,01/04/2018,NULL,NM,NULL,U,NULL,LA,HIGHER DRIVE,NULL,NULL,NULL,531442,160253,NULL,NULL,NULL,NULL,N-S,2,1,2,20,NULL,NULL,5240,E09000008,Croydon,London,Counted,Counted,4123.075554,NULL,NULL,NULL,NULL,E12000007,NULL,NULL,NULL,NULL,LA,51.326197,-0.11490425,NULL,NULL,NULL,NULL,NULL,NULL,NULL,NULL,MCU,London,All,S_14,EF_10,GF_08,NULL,Annual sample CP,Non-CDS,U,NM
2023,803448,NULL,Minor,1,01/04/2018,NULL,NM,NULL,U,NULL,LA,DEVAN GROVE,CDS,NULL,NULL,532533,187597,NULL,NULL,NULL,NULL,E-W,2,1,2,20,NULL,NULL,5360,E09000012,Hackney,London,Counted,Counted,955.680682,NULL,NULL,NULL,NULL,E12000007,NULL,NULL,NULL,NULL,LA,51.571673,-0.089022631,NULL,NULL,NULL,NULL,NULL,NULL,NULL,NULL,MCU,London,All,S_14,EF_10,GF_08,NULL,Annual sample CP,Non-CDS,U,NM
2023,802914,NULL,Minor,1,01/04/2018,NULL,NM,NULL,U,NULL,LA,SALISBURY AVENUE,NULL,NULL,NULL,545075,184260,NULL,NULL,NULL,NULL,E-W,2,1,2,20,NULL,NULL,5060,E09000002,Barking and Dagenham,London,Counted,Counted,1216.037659,NULL,NULL,NULL,NULL,E12000007,NULL,NULL,NULL,NULL,LA,51.538604,0.090451494,NULL,NULL,NULL,NULL,NULL,NULL,NULL,NULL,MCU,London,All,S_14,EF_10,GF_08,NULL,Annual sample CP,Non-CDS,U,NM
2023,802948,NULL,Minor,1,01/04/2018,NULL,NM,NULL,U,NULL,LA,YARNTON WAY,NULL,NULL,NULL,549131,179423,NULL,NULL,NULL,NULL,E-W,2,2,4,30,NULL,NULL,5120,E09000004,Bexley,London,Counted,Counted,8468.123499,NULL,NULL,NULL,NULL,E12000007,NULL,NULL,NULL,NULL,LA,51.494087,0.1468468,NULL,NULL,NULL,NULL,NULL,NULL,NULL,NULL,MCU,London,All,S_14,EF_10,GF_08,NULL,Annual sample CP,Non-CDS,U,NM
2023,803062,NULL,Minor,1,01/04/2018,NULL,NM,NULL,U,NULL,LA,LAKESIDE DRIVE,NULL,NULL,NULL,518963,182679,NULL,NULL,NULL,NULL,N-S,2,1,2,30,NULL,NULL,5150,E09000005,Brent,London,Counted,Counted,936.976287,NULL,NULL,NULL,NULL,E12000007,NULL,NULL,NULL,NULL,LA,51.530497,-0.28639156,NULL,NULL,NULL,NULL,NULL,NULL,NULL,NULL,MCU,London,All,S_14,EF_10,GF_08,NULL,Annual sample CP,Non-CDS,U,NM
2023,803077,NULL,Minor,1,01/04/2018,NULL,NM,NULL,U,NULL,LA,BLAKENEY ROAD,NULL,NULL,NULL,536751,170033,NULL,NULL,NULL,NULL,N-S,2,1,2,30,NULL,NULL,5180,E09000006,Bromley,London,Counted,Counted,10329.38212,NULL,NULL,NULL,NULL,E12000007,NULL,NULL,NULL,NULL,LA,51.412833,-0.034996397,NULL,NULL,NULL,NULL,NULL,NULL,NULL,NULL,MCU,London,All,S_14,EF_10,GF_08,NULL,Annual sample CP,Non-CDS,U,NM
2023,802924,NULL,Minor,1,01/04/2018,NULL,NM,NULL,U,NULL,LA,PAGE STREET,NULL,NULL,NULL,522453,191113,NULL,NULL,NULL,NULL,N-S,2,1,2,30,NULL,NULL,5090,E09000003,Barnet,London,Counted,Counted,9947.223454,NULL,NULL,NULL,NULL,E12000007,NULL,NULL,NULL,NULL,LA,51.605549,-0.23316812,NULL,NULL,NULL,NULL,NULL,NULL,NULL,NULL,MCU,London,All,S_14,EF_10,GF_08,NULL,Annual sample CP,Non-CDS,U,NM
2023,803343,NULL,Minor,1,01/04/2018,NULL,NM,NULL,U,NULL,LA,WESTERN AVENUE,NULL,NULL,NULL,512887,183732,NULL,NULL,NULL,NULL,W,12,1,1,20,NULL,NULL,5270,E09000009,Ealing,London,Counted,Counted,7494.67573,NULL,NULL,NULL,NULL,E12000007,NULL,NULL,NULL,NULL,LA,51.541207,-0.3736085,NULL,NULL,NULL,NULL,NULL,NULL,NULL,NULL,MCU,London,All,S_14,EF_10,GF_08,NULL,Annual sample CP,Non-CDS,U,NM
2023,803443,NULL,Minor,1,01/04/2018,NULL,NM,NULL,U,NULL,LA,FLAXTON ROAD,NULL,NULL,NULL,545273,177481,NULL,NULL,NULL,NULL,N-S,2,1,2,20,NULL,NULL,5330,E09000011,Greenwich,London,Counted,Grown,537.286634,NULL,NULL,NULL,NULL,E12000007,NULL,NULL,NULL,NULL,LA,51.477641,0.090514128,NULL,NULL,NULL,NULL,NULL,NULL,NULL,NULL,MCU,London,All,S_14,EF_10,GF_08,NULL,Annual sample CP,Non-CDS,U,NM
2023,803527,NULL,Minor,1,01/04/2018,NULL,NM,NULL,C,NULL,LA,NORTH STREET,NULL,NULL,NULL,553967,187688,NULL,NULL,NULL,NULL,N-S,2,1,2,30,NULL,NULL,5480,E09000016,Havering,London,Counted,Counted,12839.75791,NULL,NULL,NULL,NULL,E12000007,NULL,NULL,NULL,NULL,LA,51.56705,0.22006459,NULL,NULL,NULL,NULL,NULL,NULL,NULL,NULL,MCU,London,All,S_14,EF_10,GF_08,NULL,Annual sample CP,Non-CDS,U,NM
2023,803577,NULL,Minor,1,01/04/2018,NULL,NM,NULL,U,NULL,LA,CENTRAL AVENUE,NULL,NULL,NULL,514323,175096,NULL,NULL,NULL,NULL,E-W,2,1,2,20,NULL,NULL,5540,E09000018,Hounslow,London,Counted,Counted,2993.570683,NULL,NULL,NULL,NULL,E12000007,NULL,NULL,NULL,NULL,LA,51.4633,-0.35570706,NULL,NULL,NULL,NULL,NULL,NULL,NULL,NULL,MCU,London,All,S_14,EF_10,GF_08,NULL,Annual sample CP,Non-CDS,U,NM
2023,803780,NULL,Minor,1,01/04/2018,NULL,NM,NULL,C,NULL,LA,Downham Way,NULL,NULL,NULL,539191,171517,NULL,NULL,NULL,NULL,E-W,2,1,2,20,NULL,NULL,5690,E09000023,Lewisham,London,Grown,Grown,10128.40269,NULL,NULL,NULL,NULL,E12000007,NULL,NULL,NULL,NULL,LA,51.42571,0.001186849,NULL,NULL,NULL,NULL,NULL,NULL,NULL,NULL,MCU,London,All,S_14,EF_10,GF_08,NULL,Annual sample CP,Non-CDS,U,NM
2023,805258,NULL,Minor,1,01/04/2018,NULL,NM,NULL,C,NULL,LA,Hartington Rd,NULL,NULL,NULL,520327,176644,NULL,NULL,NULL,NULL,N-S,2,1,2,20,NULL,NULL,5540,E09000018,Hounslow,London,Counted,Counted,4287.198225,NULL,NULL,NULL,NULL,E12000007,NULL,NULL,NULL,NULL,LA,51.475969,-0.26879408,NULL,NULL,NULL,NULL,NULL,NULL,NULL,NULL,MCU,All,All,S_18,EF_09,GF_10,NULL,Annual sample CP,Non-CDS,R,NM
2023,801296,NULL,Minor,1,01/04/2018,NULL,NM,NULL,C,NULL,LA,VICARAGE FARM RD,NULL,NULL,NULL,512457,177048,NULL,NULL,NULL,NULL,N-S,2,1,2,20,NULL,NULL,5540,E09000018,Hounslow,London,Counted,Counted,10000.27294,NULL,NULL,NULL,NULL,E12000007,NULL,NULL,NULL,NULL,LA,51.481218,-0.38193601,NULL,NULL,NULL,NULL,NULL,NULL,NULL,NULL,MCU,London,All,S_14,EF_10,GF_08,NULL,Annual sample CP,Non-CDS,U,NM
2023,801396,NULL,Minor,1,01/04/2018,NULL,NM,NULL,U,NULL,LA,RECTORY LANE,NULL,NULL,NULL,547067,171667,NULL,NULL,NULL,NULL,E-W,2,1,2,30,NULL,NULL,5120,E09000004,Bexley,London,Counted,Counted,5496.249386,NULL,NULL,NULL,NULL,E12000007,NULL,NULL,NULL,NULL,LA,51.424936,0.11391388,NULL,NULL,NULL,NULL,NULL,NULL,NULL,NULL,MCU,London,All,S_14,EF_10,GF_08,NULL,Annual sample CP,Non-CDS,U,NM
2023,804378,NULL,Minor,1,01/04/2018,NULL,NM,NULL,U,NULL,LA,YORK ROAD,NULL,NULL,NULL,525130,163331,NULL,NULL,NULL,NULL,N-S,2,1,2,30,NULL,NULL,5870,E09000029,Sutton,London,Counted,Counted,4578.380519,NULL,NULL,NULL,NULL,E12000007,NULL,NULL,NULL,NULL,LA,51.355282,-0.20436567,NULL,NULL,NULL,NULL,NULL,NULL,NULL,NULL,MCU,London,All,S_14,EF_10,GF_08,NULL,Annual sample CP,Non-CDS,U,NM
2023,804419,NULL,Minor,1,01/04/2018,NULL,NM,NULL,U,NULL,LA,TURNERS ROAD,NULL,NULL,NULL,536664,181634,NULL,NULL,NULL,NULL,N-S,2,1,2,20,NULL,NULL,5900,E09000030,Tower Hamlets,London,Grown,Grown,5244.704426,NULL,NULL,NULL,NULL,E12000007,NULL,NULL,NULL,NULL,LA,51.517104,-0.031765801,NULL,NULL,NULL,NULL,NULL,NULL,NULL,NULL,MCU,London,All,S_14,EF_10,GF_08,NULL,Annual sample CP,Non-CDS,U,NM
2023,804469,NULL,Minor,1,01/04/2018,NULL,NM,NULL,U,NULL,LA,PARKGATE ROAD,NULL,NULL,NULL,527448,177194,NULL,NULL,NULL,NULL,E-W,2,1,2,20,NULL,NULL,5960,E09000032,Wandsworth,London,Counted,Counted,6481.600595,NULL,NULL,NULL,NULL,E12000007,NULL,NULL,NULL,NULL,LA,51.479354,-0.16611492,NULL,NULL,NULL,NULL,NULL,NULL,NULL,NULL,MCU,London,All,S_14,EF_10,GF_08,NULL,Annual sample CP,Non-CDS,U,NM
2023,810979,NULL,Minor,1,01/04/2019,NULL,NM,NULL,C,NULL,LA,HERMITAGE ROAD,NULL,NULL,NULL,532671,188517,NULL,NULL,NULL,NULL,N-S,2,1,2,20,NULL,NULL,5420,E09000014,Haringey,London,Counted,Grown,5433.858084,NULL,NULL,NULL,NULL,E12000007,NULL,NULL,NULL,NULL,LA,51.579908,-0.0866854,NULL,NULL,NULL,NULL,NULL,NULL,NULL,NULL,MCU,London,All,S_14,EF_10,GF_08,NULL,Annual sample CP,Non-CDS,U,NM
2023,810988,NULL,Minor,1,01/04/2019,NULL,NM,NULL,C,NULL,LA,SHIRE LANE,NULL,NULL,NULL,545153,164056,NULL,NULL,NULL,NULL,E-W,2,1,2,40,NULL,NULL,5180,E09000006,Bromley,London,Counted,Counted,8623.206721,NULL,NULL,NULL,NULL,E12000007,NULL,NULL,NULL,NULL,LA,51.357039,0.083294891,NULL,NULL,NULL,NULL,NULL,NULL,NULL,NULL,MCU,London,All,S_14,EF_10,GF_08,NULL,Annual sample CP,Non-CDS,U,NM
2023,810995,NULL,Minor,1,01/04/2019,NULL,NM,NULL,U,NULL,LA,COOMBE ROAD,NULL,NULL,NULL,521301,178225,NULL,NULL,NULL,NULL,E-W,2,1,2,20,NULL,NULL,5540,E09000018,Hounslow,London,Counted,Counted,214.297367,NULL,NULL,NULL,NULL,E12000007,NULL,NULL,NULL,NULL,LA,51.489971,-0.25423383,NULL,NULL,NULL,NULL,NULL,NULL,NULL,NULL,MCU,London,All,S_14,EF_10,GF_08,NULL,Annual sample CP,Non-CDS,U,NM
2023,811029,NULL,Minor,1,01/04/2019,NULL,NM,NULL,U,NULL,LA,IMPERIAL ROAD,NULL,NULL,NULL,509226,173734,NULL,NULL,NULL,NULL,N-S,2,1,2,20,NULL,NULL,5540,E09000018,Hounslow,London,Counted,Counted,1328.556852,NULL,NULL,NULL,NULL,E12000007,NULL,NULL,NULL,NULL,LA,51.452064,-0.42946844,NULL,NULL,NULL,NULL,NULL,NULL,NULL,NULL,MCU,London,All,S_14,EF_10,GF_08,NULL,Annual sample CP,Non-CDS,U,NM
2023,811038,NULL,Minor,1,01/04/2019,NULL,NM,NULL,U,NULL,LA,SANGER AVENUE,NULL,NULL,NULL,518596,164538,NULL,NULL,NULL,NULL,N-S,2,1,2,20,NULL,NULL,5630,E09000021,Kingston upon Thames,London,Counted,Counted,2704.661423,NULL,NULL,NULL,NULL,E12000007,NULL,NULL,NULL,NULL,LA,51.367531,-0.29775417,NULL,NULL,NULL,NULL,NULL,NULL,NULL,NULL,MCU,London,All,S_14,EF_10,GF_08,NULL,Annual sample CP,Non-CDS,U,NM
2023,811045,NULL,Minor,1,01/04/2019,NULL,NM,NULL,U,NULL,LA,RISLEY AVENUE,NULL,NULL,NULL,532739,190726,NULL,NULL,NULL,NULL,E-W,2,1,2,20,NULL,NULL,5420,E09000014,Haringey,London,Counted,Counted,719.242589,NULL,NULL,NULL,NULL,E12000007,NULL,NULL,NULL,NULL,LA,51.599743,-0.084869931,NULL,NULL,NULL,NULL,NULL,NULL,NULL,NULL,MCU,London,All,S_14,EF_10,GF_08,NULL,Annual sample CP,Non-CDS,U,NM
2023,811063,NULL,Minor,1,01/04/2019,NULL,NM,NULL,U,NULL,LA,TAUNTON ROAD,NULL,NULL,NULL,539488,174752,NULL,NULL,NULL,NULL,E-W,2,1,2,20,NULL,NULL,5690,E09000023,Lewisham,London,Grown,Grown,2189.469529,NULL,NULL,NULL,NULL,E12000007,NULL,NULL,NULL,NULL,LA,51.454573,0.006191288,NULL,NULL,NULL,NULL,NULL,NULL,NULL,NULL,MCU,London,All,S_14,EF_10,GF_08,NULL,Annual sample CP,Non-CDS,U,NM
2023,811070,NULL,Minor,1,01/04/2019,NULL,NM,NULL,U,NULL,LA,RYEFIELD AVENUE,NULL,NULL,NULL,508417,183783,NULL,NULL,NULL,NULL,N-S,2,1,2,20,NULL,NULL,5510,E09000017,Hillingdon,London,Counted,Counted,413.552063,NULL,NULL,NULL,NULL,E12000007,NULL,NULL,NULL,NULL,LA,51.542541,-0.43802211,NULL,NULL,NULL,NULL,NULL,NULL,NULL,NULL,MCU,London,All,S_14,EF_10,GF_08,NULL,Annual sample CP,Non-CDS,U,NM
2023,811079,NULL,Minor,1,01/04/2019,NULL,NM,NULL,U,NULL,LA,LOVIBONDS AVENUE,NULL,NULL,NULL,544051,165386,NULL,NULL,NULL,NULL,E-W,2,1,2,30,NULL,NULL,5180,E09000006,Bromley,London,Grown,Grown,2673.463906,NULL,NULL,NULL,NULL,E12000007,NULL,NULL,NULL,NULL,LA,51.369271,0.068017439,NULL,NULL,NULL,NULL,NULL,NULL,NULL,NULL,MCU,London,All,S_14,EF_10,GF_08,NULL,Annual sample CP,Non-CDS,U,NM
2023,811104,NULL,Minor,1,01/04/2019,NULL,NM,NULL,U,NULL,LA,WHITEWEBBS LANE,NULL,NULL,NULL,533923,199796,NULL,NULL,NULL,NULL,E-W,2,1,2,40,NULL,NULL,5300,E09000010,Enfield,London,Grown,Grown,4150.329806,NULL,NULL,NULL,NULL,E12000007,NULL,NULL,NULL,NULL,LA,51.680967,-0.06431758,NULL,NULL,NULL,NULL,NULL,NULL,NULL,NULL,MCU,All,All,S_18,EF_09,GF_10,NULL,Annual sample CP,Non-CDS,R,NM
2023,811138,NULL,Minor,1,01/04/2019,NULL,NM,NULL,U,NULL,LA,WATLING AVENUE,NULL,NULL,NULL,521046,191268,NULL,NULL,NULL,NULL,E-W,2,1,2,20,NULL,NULL,5090,E09000003,Barnet,London,Counted,Counted,9104.264905,NULL,NULL,NULL,NULL,E12000007,NULL,NULL,NULL,NULL,LA,51.607246,-0.2534216,NULL,NULL,NULL,NULL,NULL,NULL,NULL,NULL,MCU,London,All,S_14,EF_10,GF_08,NULL,Annual sample CP,Non-CDS,U,NM
2023,811154,NULL,Minor,1,01/04/2019,NULL,NM,NULL,U,NULL,LA,COLLEGE GARDENS,NULL,NULL,NULL,537758,194518,NULL,NULL,NULL,NULL,E-W,2,1,2,20,NULL,NULL,5930,E09000031,Waltham Forest,London,Counted,Counted,2125.178855,NULL,NULL,NULL,NULL,E12000007,NULL,NULL,NULL,NULL,LA,51.632613,-0.010960922,NULL,NULL,NULL,NULL,NULL,NULL,NULL,NULL,MCU,London,All,S_14,EF_10,GF_08,NULL,Annual sample CP,Non-CDS,U,NM
2023,942340,NULL,Minor,1,01/04/2020,NULL,NM,NULL,B,NULL,LA,CHURCH STREET,NULL,NULL,NULL,533817,193760,NULL,NULL,NULL,NULL,E-W,2,1,2,30,NULL,NULL,5300,E09000010,Enfield,London,N/A,N/A,12168.64101,NULL,NULL,NULL,NULL,E12000007,NULL,NULL,NULL,NULL,LA,51.626752,-0.06815763,NULL,NULL,NULL,NULL,NULL,NULL,NULL,NULL,MB,London,All,S_13,EF_10,GF_07,NULL,ATC validation CP,Unknown,U,NM
2023,942358,NULL,Minor,1,01/04/2020,NULL,NM,NULL,B,NULL,LA,CHARLTON PARK ROAD,NULL,NULL,NULL,541916,177871,NULL,NULL,NULL,NULL,E-W,2,1,2,30,NULL,NULL,5330,E09000011,Greenwich,London,N/A,N/A,15097.37522,NULL,NULL,NULL,NULL,E12000007,NULL,NULL,NULL,NULL,LA,51.481996,0.04236389,NULL,NULL,NULL,NULL,NULL,NULL,NULL,NULL,MB,London,All,S_13,EF_10,GF_07,NULL,ATC validation CP,Unknown,U,NM
2023,942875,NULL,Minor,1,01/04/2020,NULL,NM,NULL,B302,NULL,LA,Royal Hospital Road,NULL,NULL,NULL,527918,178132,NULL,NULL,NULL,NULL,E-W,2,1,2,30,NULL,NULL,5600,E09000020,Kensington and Chelsea,London,N/A,N/A,10363.67561,NULL,NULL,NULL,NULL,E12000007,NULL,NULL,NULL,NULL,LA,51.487678,-0.15901112,NULL,NULL,NULL,NULL,NULL,NULL,NULL,NULL,MB,London,All,S_13,EF_10,GF_07,NULL,ATC validation CP,Unknown,U,NM
2023,810952,NULL,Minor,1,01/04/2019,NULL,NM,NULL,U,NULL,LA,WESTERN ROAD,NULL,NULL,NULL,527695,189362,NULL,NULL,NULL,NULL,N-S,2,1,2,20,NULL,NULL,5420,E09000014,Haringey,London,Counted,Counted,249.036287,NULL,NULL,NULL,NULL,E12000007,NULL,NULL,NULL,NULL,LA,51.58865,-0.15815134,NULL,NULL,NULL,NULL,NULL,NULL,NULL,NULL,MCU,London,All,S_14,EF_10,GF_08,NULL,Annual sample CP,Non-CDS,U,NM
2023,810993,NULL,Minor,1,01/04/2019,NULL,NM,NULL,C,NULL,LA,DENMARK ROAD,NULL,NULL,NULL,532102,176565,NULL,NULL,NULL,NULL,N-S,2,1,2,20,NULL,NULL,5660,E09000022,Lambeth,London,Counted,Counted,3967.352651,NULL,NULL,NULL,NULL,E12000007,NULL,NULL,NULL,NULL,LA,51.472635,-0.09937033,NULL,NULL,NULL,NULL,NULL,NULL,NULL,NULL,MCU,London,All,S_14,EF_10,GF_08,NULL,Annual sample CP,Non-CDS,U,NM
2023,811027,NULL,Minor,1,01/04/2019,NULL,NM,NULL,U,NULL,LA,CAMBRIDGE ROAD,NULL,NULL,NULL,516285,171285,NULL,NULL,NULL,NULL,N-S,2,1,2,20,NULL,NULL,5810,E09000027,Richmond upon Thames,London,Counted,Counted,1002.094418,NULL,NULL,NULL,NULL,E12000007,NULL,NULL,NULL,NULL,LA,51.428649,-0.32872778,NULL,NULL,NULL,NULL,NULL,NULL,NULL,NULL,MCU,London,All,S_14,EF_10,GF_08,NULL,Annual sample CP,Non-CDS,U,NM
2023,811043,NULL,Minor,1,01/04/2019,NULL,NM,NULL,U,NULL,LA,REGENT ROAD,NULL,NULL,NULL,519173,167502,NULL,NULL,NULL,NULL,E-W,2,1,2,30,NULL,NULL,5630,E09000021,Kingston upon Thames,London,Counted,Counted,709.619839,NULL,NULL,NULL,NULL,E12000007,NULL,NULL,NULL,NULL,LA,51.394049,-0.28847613,NULL,NULL,NULL,NULL,NULL,NULL,NULL,NULL,MCU,London,All,S_14,EF_10,GF_08,NULL,Annual sample CP,Non-CDS,U,NM
2023,811061,NULL,Minor,1,01/04/2019,NULL,NM,NULL,U,NULL,LA,PUMP LANE,NULL,NULL,NULL,510239,179715,NULL,NULL,NULL,NULL,E-W,2,1,2,30,NULL,NULL,5510,E09000017,Hillingdon,London,Counted,Counted,11462.1468,NULL,NULL,NULL,NULL,E12000007,NULL,NULL,NULL,NULL,LA,51.505625,-0.41303122,NULL,NULL,NULL,NULL,NULL,NULL,NULL,NULL,MCU,London,All,S_14,EF_10,GF_08,NULL,Annual sample CP,Non-CDS,U,NM
2023,811077,NULL,Minor,1,01/04/2019,NULL,NM,NULL,U,NULL,LA,STAPLETON ROAD,NULL,NULL,NULL,545766,165282,NULL,NULL,NULL,NULL,N-S,2,1,2,30,NULL,NULL,5180,E09000006,Bromley,London,Counted,Counted,490.69015,NULL,NULL,NULL,NULL,E12000007,NULL,NULL,NULL,NULL,LA,51.367899,0.092594599,NULL,NULL,NULL,NULL,NULL,NULL,NULL,NULL,MCU,London,All,S_14,EF_10,GF_08,NULL,Annual sample CP,Non-CDS,U,NM
2023,811127,NULL,Minor,1,01/04/2019,NULL,NM,NULL,B278,NULL,LA,WRYTHE LANE,NULL,NULL,NULL,526952,165671,NULL,NULL,NULL,NULL,N-S,2,1,2,30,NULL,NULL,5870,E09000029,Sutton,London,Counted,Counted,16661.77577,NULL,NULL,NULL,NULL,E12000007,NULL,NULL,NULL,NULL,LA,51.375908,-0.17737886,NULL,NULL,NULL,NULL,NULL,NULL,NULL,NULL,MB,London,All,S_13,EF_10,GF_07,NULL,Annual sample CP,Non-CDS,U,NM
2023,811143,NULL,Minor,1,01/04/2019,NULL,NM,NULL,B175,NULL,LA,HAVERING ROAD,NULL,NULL,NULL,550873,191179,NULL,NULL,NULL,NULL,N-S,2,1,2,30,NULL,NULL,5480,E09000016,Havering,London,Counted,Counted,13224.21513,NULL,NULL,NULL,NULL,E12000007,NULL,NULL,NULL,NULL,LA,51.599252,0.17695772,NULL,NULL,NULL,NULL,NULL,NULL,NULL,NULL,MB,London,All,S_13,EF_10,GF_07,NULL,Annual sample CP,Non-CDS,U,NM
2023,811161,NULL,Minor,1,01/04/2019,NULL,NM,NULL,U,NULL,LA,UNDERHILL ROAD,NULL,NULL,NULL,534616,173811,NULL,NULL,NULL,NULL,N-S,2,1,2,20,NULL,NULL,5840,E09000028,Southwark,London,Grown,Grown,3431.915577,NULL,NULL,NULL,NULL,E12000007,NULL,NULL,NULL,NULL,LA,51.447295,-0.064242917,NULL,NULL,NULL,NULL,NULL,NULL,NULL,NULL,MCU,London,All,S_14,EF_10,GF_08,NULL,Annual sample CP,Non-CDS,U,NM
2023,811177,NULL,Minor,1,01/04/2019,NULL,NM,NULL,B232,NULL,LA,ELDER ROAD,NULL,NULL,NULL,532386,171078,NULL,NULL,NULL,NULL,N-S,2,1,2,20,NULL,NULL,5660,E09000022,Lambeth,London,Counted,Counted,6147.904795,NULL,NULL,NULL,NULL,E12000007,NULL,NULL,NULL,NULL,LA,51.42326,-0.09733461,NULL,NULL,NULL,NULL,NULL,NULL,NULL,NULL,MB,London,All,S_13,EF_10,GF_07,NULL,Annual sample CP,Non-CDS,U,NM
2023,811186,NULL,Minor,1,01/04/2019,NULL,NM,NULL,U,NULL,LA,SANDY LANE,NULL,NULL,NULL,517756,172602,NULL,NULL,NULL,NULL,E-W,2,1,2,20,NULL,NULL,5810,E09000027,Richmond upon Thames,London,Counted,Counted,4013.259415,NULL,NULL,NULL,NULL,E12000007,NULL,NULL,NULL,NULL,LA,51.440182,-0.30714106,NULL,NULL,NULL,NULL,NULL,NULL,NULL,NULL,MCU,London,All,S_14,EF_10,GF_08,NULL,Annual sample CP,Non-CDS,U,NM
2023,811193,NULL,Minor,1,01/04/2019,NULL,NM,NULL,B109,NULL,LA,KATHERINE ROAD,NULL,NULL,NULL,541294,185039,NULL,NULL,NULL,NULL,N-S,2,1,2,30,NULL,NULL,5750,E09000025,Newham,London,Counted,Counted,6070.009443,NULL,NULL,NULL,NULL,E12000007,NULL,NULL,NULL,NULL,LA,51.546562,0.03628304,NULL,NULL,NULL,NULL,NULL,NULL,NULL,NULL,MB,London,All,S_13,EF_10,GF_07,NULL,Annual sample CP,Non-CDS,U,NM
2023,942406,NULL,Minor,1,01/04/2020,NULL,NM,NULL,C,NULL,LA,WHITE HART LANE,NULL,NULL,NULL,531488,191111,NULL,NULL,NULL,NULL,E-W,2,1,2,0,NULL,NULL,5420,E09000014,Haringey,London,N/A,N/A,17109,NULL,NULL,NULL,NULL,E12000007,NULL,NULL,NULL,NULL,LA,51.603495,-0.10277734,NULL,NULL,NULL,NULL,NULL,NULL,NULL,NULL,MCU,London,All,S_14,EF_10,GF_08,NULL,ATC validation CP,Unknown,U,NM
2023,942597,NULL,Minor,1,01/04/2020,NULL,NM,NULL,B455,NULL,LA,Ruislip Road,NULL,NULL,NULL,513381,182720,NULL,NULL,NULL,NULL,E-W,2,1,2,30,NULL,NULL,5270,E09000009,Ealing,London,N/A,N/A,9957.178614,NULL,NULL,NULL,NULL,E12000007,NULL,NULL,NULL,NULL,LA,51.532013,-0.36681391,NULL,NULL,NULL,NULL,NULL,NULL,NULL,NULL,MB,London,All,S_13,EF_10,GF_07,NULL,ATC validation CP,Unknown,U,NM
2023,942983,NULL,Minor,1,01/04/2020,NULL,NM,NULL,B,NULL,LA,BEDFORD HILL,NULL,NULL,NULL,529283,172280,NULL,NULL,NULL,NULL,E-W,2,1,2,30,NULL,NULL,5960,E09000032,Wandsworth,London,N/A,N/A,9750.15521,NULL,NULL,NULL,NULL,E12000007,NULL,NULL,NULL,NULL,LA,51.434777,-0.14150002,NULL,NULL,NULL,NULL,NULL,NULL,NULL,NULL,MB,London,All,S_13,EF_10,GF_07,NULL,ATC validation CP,Unknown,U,NM
2023,811167,NULL,Minor,1,01/04/2019,NULL,NM,NULL,U,NULL,LA,SOMERBY ROAD,NULL,NULL,NULL,544590,184374,NULL,NULL,NULL,NULL,N-S,2,1,2,30,NULL,NULL,5060,E09000002,Barking and Dagenham,London,Counted,Counted,1272.551055,NULL,NULL,NULL,NULL,E12000007,NULL,NULL,NULL,NULL,LA,51.539753,0.083510019,NULL,NULL,NULL,NULL,NULL,NULL,NULL,NULL,MCU,London,All,S_14,EF_10,GF_08,NULL,Annual sample CP,Non-CDS,U,NM
2023,811233,NULL,Minor,1,01/04/2019,NULL,NM,NULL,B243,NULL,LA,WOODSIDE GREEN,NULL,NULL,NULL,534599,167299,NULL,NULL,NULL,NULL,N-S,2,1,2,30,NULL,NULL,5240,E09000008,Croydon,London,Counted,Counted,10091.90392,NULL,NULL,NULL,NULL,E12000007,NULL,NULL,NULL,NULL,LA,51.388779,-0.066957901,NULL,NULL,NULL,NULL,NULL,NULL,NULL,NULL,MB,London,All,S_13,EF_10,GF_07,NULL,Annual sample CP,Non-CDS,U,NM
2023,900100,NULL,Minor,1,01/04/2020,NULL,NM,NULL,U,NULL,LA,Breakspeare Road,NULL,NULL,NULL,507549,188483,NULL,NULL,NULL,NULL,N-S,2,1,2,0,NULL,NULL,5510,E09000017,Hillingdon,London,N/A,N/A,5080,NULL,NULL,NULL,NULL,E12000007,NULL,NULL,NULL,NULL,LA,51.584956,-0.449087,NULL,NULL,NULL,NULL,NULL,NULL,NULL,NULL,MCU,London,All,S_14,EF_10,GF_08,NULL,ATC validation CP,Unknown,U,NM
2023,900101,NULL,Minor,1,01/04/2020,NULL,NM,NULL,B278,NULL,LA,Wrythe Lane,NULL,NULL,NULL,526384,166289,NULL,NULL,NULL,NULL,N-S,2,1,2,0,NULL,NULL,5870,E09000029,Sutton,London,N/A,N/A,18658,NULL,NULL,NULL,NULL,E12000007,NULL,NULL,NULL,NULL,LA,51.381589,-0.185316,NULL,NULL,NULL,NULL,NULL,NULL,NULL,NULL,MB,London,All,S_13,EF_10,GF_07,NULL,ATC validation CP,Unknown,U,NM
2023,942600,NULL,Minor,1,01/04/2020,NULL,NM,NULL,B,NULL,LA,NORTHFIELD AVENUE,NULL,NULL,NULL,516750,179788,NULL,NULL,NULL,NULL,N-S,2,1,2,30,NULL,NULL,5270,E09000009,Ealing,London,N/A,N/A,12201.72381,NULL,NULL,NULL,NULL,E12000007,NULL,NULL,NULL,NULL,LA,51.504975,-0.31923656,NULL,NULL,NULL,NULL,NULL,NULL,NULL,NULL,MB,London,All,S_13,EF_10,GF_07,NULL,ATC validation CP,Unknown,U,NM
2023,951759,NULL,Minor,1,01/04/2020,NULL,NM,NULL,C,NULL,LA,Garnet Street,NULL,NULL,NULL,535077,180625,NULL,NULL,NULL,NULL,N-S,2,1,2,30,NULL,NULL,5900,E09000030,Tower Hamlets,London,N/A,N/A,1960.446916,NULL,NULL,NULL,NULL,E12000007,NULL,NULL,NULL,NULL,LA,51.508418,-0.055009934,NULL,NULL,NULL,NULL,NULL,NULL,NULL,NULL,MCU,London,All,S_14,EF_10,GF_08,NULL,ATC validation CP,Unknown,U,NM
